relation_raw,category_50,category_simple
abbreviated as,Alias_Name,Tên khác
absorption is,Etiology_AssociatedWith,Liên quan
accelerates,MoA_ModulationOther,Điều hòa khác
accelerates the rate at which,MoA_ModulationOther,Điều hòa khác
accompanied by,Etiology_AssociatedWith,Liên quan
accounts for,Etiology_AssociatedWith,Liên quan
accumulate,Etiology_AssociatedWith,Liên quan
accumulate in,Etiology_AssociatedWith,Liên quan
accumulates in,Etiology_AssociatedWith,Liên quan
achieves,Etiology_AssociatedWith,Liên quan
act as,Etiology_AssociatedWith,Liên quan
act on,Etiology_AssociatedWith,Liên quan
activates,MoA_ActivationInduction,Kích hoạt
activates degradation of,MoA_ActivationInduction,Kích hoạt
active against,Etiology_AssociatedWith,Liên quan
activity leads to,Etiology_AssociatedWith,Liên quan
activity may require,Etiology_AssociatedWith,Liên quan
acts against,Etiology_AssociatedWith,Liên quan
acts as,Etiology_AssociatedWith,Liên quan
acts as a,Etiology_AssociatedWith,Liên quan
acts as a cofactor in,Etiology_AssociatedWith,Liên quan
acts as a cofactor in the production of,Etiology_AssociatedWith,Liên quan
acts as a physiological antagonist to,MoA_AgonistAntagonist,Kích/khóa thụ thể
acts as a potent agonist of,MoA_AgonistAntagonist,Kích/khóa thụ thể
acts as a primary cytokine to promote,MoA_ModulationOther,Điều hòa khác
acts as a weak partial agonist at,MoA_AgonistAntagonist,Kích/khóa thụ thể
acts as an,Etiology_AssociatedWith,Liên quan
acts as an agonist of,MoA_AgonistAntagonist,Kích/khóa thụ thể
acts as an antagonist at,MoA_AgonistAntagonist,Kích/khóa thụ thể
acts as an antagonist of,MoA_AgonistAntagonist,Kích/khóa thụ thể
acts as an antagonist on,MoA_AgonistAntagonist,Kích/khóa thụ thể
acts at,Etiology_AssociatedWith,Liên quan
acts by,MoA_ModulationOther,Điều hòa khác
acts by activating,MoA_ModulationOther,Điều hòa khác
acts by binding to,MoA_BindingAffinity,Gắn kết
acts by blocking,MoA_ModulationOther,Điều hòa khác
acts by decreasing,MoA_ModulationOther,Điều hòa khác
acts by inhibiting,MoA_ModulationOther,Điều hòa khác
acts by interfering with,MoA_ModulationOther,Điều hòa khác
acts by modulating,MoA_ModulationOther,Điều hòa khác
acts by producing,MoA_ModulationOther,Điều hòa khác
acts by reducing,MoA_ModulationOther,Điều hòa khác
acts mainly by,Etiology_AssociatedWith,Liên quan
acts on,Etiology_AssociatedWith,Liên quan
acts primarily in,Etiology_AssociatedWith,Liên quan
acts similarly to,Etiology_AssociatedWith,Liên quan
acts synergistically with,DrugInteraction,Tương tác thuốc
acts through,Etiology_AssociatedWith,Liên quan
addresses,Etiology_AssociatedWith,Liên quan
addresses issues related to,Etiology_AssociatedWith,Liên quan
administered,Etiology_AssociatedWith,Liên quan
administered as,Etiology_AssociatedWith,Liên quan
administered at,Etiology_AssociatedWith,Liên quan
administered via,Treatment_AdministrationRoute,Đường dùng
administered with,Etiology_AssociatedWith,Liên quan
administers,Etiology_AssociatedWith,Liên quan
adult idiopathic neutropenia,Temporal_OnsetAge,Tuổi khởi phát
affect,Etiology_AssociatedWith,Liên quan
affect the function of,Etiology_AssociatedWith,Liên quan
affected in,Etiology_AssociatedWith,Liên quan
affects,Etiology_AssociatedWith,Liên quan
affects approximately,Epidemiology_PrevalenceIncidence,Tần suất mắc
affects individuals across,Epidemiology_Demographics,Hay gặp ở nhóm
affects individuals at,Epidemiology_Demographics,Hay gặp ở nhóm
affects individuals between ages,Anatomy_SpatialRelation,Vị trí tương đối
affects individuals from,Epidemiology_Demographics,Hay gặp ở nhóm
affects individuals in,Epidemiology_Demographics,Hay gặp ở nhóm
affects individuals of,Epidemiology_Demographics,Hay gặp ở nhóm
affects individuals over,Epidemiology_Demographics,Hay gặp ở nhóm
affects individuals who are,Epidemiology_Demographics,Hay gặp ở nhóm
affects individuals with,Epidemiology_Demographics,Hay gặp ở nhóm
affects more frequently,Etiology_AssociatedWith,Liên quan
affects mostly,Etiology_AssociatedWith,Liên quan
affects newborns in,Temporal_OnsetAge,Tuổi khởi phát
affects patients who are,Etiology_AssociatedWith,Liên quan
affects predominantly,Epidemiology_Demographics,Hay gặp ở nhóm
affects primarily,Etiology_AssociatedWith,Liên quan
affects the electrical activity of,Etiology_AssociatedWith,Liên quan
affects the function of,Etiology_AssociatedWith,Liên quan
agents to avoid include,Etiology_AssociatedWith,Liên quan
aggregates with,Etiology_AssociatedWith,Liên quan
agonizes,MoA_AgonistAntagonist,Kích/khóa thụ thể
aids in,Etiology_AssociatedWith,Liên quan
aim at,Etiology_AssociatedWith,Liên quan
aim at addressing,Etiology_AssociatedWith,Liên quan
aim at improving,Etiology_AssociatedWith,Liên quan
aim to,Etiology_AssociatedWith,Liên quan
aim to alleviate,Etiology_AssociatedWith,Liên quan
aim to improve,Etiology_AssociatedWith,Liên quan
aim to reduce,MoA_ModulationOther,Điều hòa khác
aims at,Etiology_AssociatedWith,Liên quan
aims at alleviating,Etiology_AssociatedWith,Liên quan
aims at correcting,Etiology_AssociatedWith,Liên quan
aims at reducing,Etiology_AssociatedWith,Liên quan
aims for,Etiology_AssociatedWith,Liên quan
aims to,Etiology_AssociatedWith,Liên quan
aims to alleviate,Etiology_AssociatedWith,Liên quan
aims to control,Etiology_AssociatedWith,Liên quan
aims to determine,Etiology_AssociatedWith,Liên quan
aims to develop,Etiology_AssociatedWith,Liên quan
aims to elucidate,Etiology_AssociatedWith,Liên quan
aims to improve,Etiology_AssociatedWith,Liên quan
aims to minimize,Etiology_AssociatedWith,Liên quan
aims to modify,Etiology_AssociatedWith,Liên quan
aims to prevent,Prevention_Prophylaxis,Phòng ngừa
aims to promote,MoA_ModulationOther,Điều hòa khác
aims to reduce,MoA_ModulationOther,Điều hòa khác
aims to refine,Etiology_AssociatedWith,Liên quan
aims to restore,Etiology_AssociatedWith,Liên quan
aims to selectively amplify,Etiology_AssociatedWith,Liên quan
alkylates,Etiology_AssociatedWith,Liên quan
alleviate,Etiology_AssociatedWith,Liên quan
alleviates,Etiology_AssociatedWith,Liên quan
alleviates symptoms associated with,Clinical_SymptomSign,Triệu chứng
allows,Etiology_AssociatedWith,Liên quan
allows cells of the epidermis to,Etiology_AssociatedWith,Liên quan
allows detection using,Etiology_AssociatedWith,Liên quan
allows distinguishing,Etiology_AssociatedWith,Liên quan
allows for,Etiology_AssociatedWith,Liên quan
allows for detectable serum concentrations to remain for,Diagnosis_LabFinding,Xét nghiệm
allows individuals to lead,Etiology_AssociatedWith,Liên quan
allows the conversion of,Etiology_AssociatedWith,Liên quan
allows visualization of,Etiology_AssociatedWith,Liên quan
also acts in,Etiology_AssociatedWith,Liên quan
also binds to,MoA_BindingAffinity,Gắn kết
also known as,Alias_Name,Tên khác
also produced in,Etiology_AssociatedWith,Liên quan
also referred to as,Alias_Name,Tên khác
alters,Etiology_AssociatedWith,Liên quan
alters the,Etiology_AssociatedWith,Liên quan
alters the activity of,Etiology_AssociatedWith,Liên quan
ameliorates,Etiology_AssociatedWith,Liên quan
antagonizes,MoA_AgonistAntagonist,Kích/khóa thụ thể
appear across,Etiology_AssociatedWith,Liên quan
appear in,Etiology_AssociatedWith,Liên quan
appear normal at,Etiology_AssociatedWith,Liên quan
appear on,Etiology_AssociatedWith,Liên quan
appears after,Clinical_ManifestationPresentation,Biểu hiện
appears in,Clinical_ManifestationPresentation,Biểu hiện
appears more frequently in,Clinical_ManifestationPresentation,Biểu hiện
appears to be,Clinical_ManifestationPresentation,Biểu hiện
approval status has been,Regulatory_Status,Trạng thái phê duyệt
approval status is,Regulatory_Status,Trạng thái phê duyệt
approved by,Regulatory_Status,Trạng thái phê duyệt
approved for,Regulatory_Status,Trạng thái phê duyệt
approved for therapeutic use in,Regulatory_Status,Trạng thái phê duyệt
approved for use as,Regulatory_Status,Trạng thái phê duyệt
approved for use in,Regulatory_Status,Trạng thái phê duyệt
approved for use with,Regulatory_Status,Trạng thái phê duyệt
approved in,Regulatory_Status,Trạng thái phê duyệt
approved on,Regulatory_Status,Trạng thái phê duyệt
approved since,Regulatory_Status,Trạng thái phê duyệt
are,Etiology_AssociatedWith,Liên quan
are a common characteristic of,Taxonomy_IsA,Là loại
are a common complication of,Clinical_Complication,Biến chứng
are a common feature of,Clinical_SymptomSign,Triệu chứng
are a frequent cause of,Taxonomy_IsA,Là loại
are a group of,Taxonomy_IsA,Là loại
are a hallmark feature of,Clinical_SymptomSign,Triệu chứng
are a result of,Taxonomy_IsA,Là loại
are a type of,Taxonomy_IsA,Là loại
are accompanied by,Etiology_AssociatedWith,Liên quan
are activated by,MoA_ActivationInduction,Kích hoạt
are advised to,Etiology_AssociatedWith,Liên quan
are advised to avoid,Safety_ContraindicationAvoid,Chống chỉ định
are advised to undergo,Etiology_AssociatedWith,Liên quan
are affected by,Etiology_AssociatedWith,Liên quan
are affected more frequently than,Etiology_AssociatedWith,Liên quan
are also known as,Alias_Name,Tên khác
are an example of,Taxonomy_IsA,Là loại
are approved for,Regulatory_Status,Trạng thái phê duyệt
are assessed based on,Etiology_AssociatedWith,Liên quan
are associated with,Etiology_AssociatedWith,Liên quan
are at a higher risk of,Etiology_RiskFactor,Yếu tố nguy cơ
are at high risk of,Etiology_AssociatedWith,Liên quan
are at high risk of developing,Etiology_AssociatedWith,Liên quan
are at higher risk for,Etiology_RiskFactor,Yếu tố nguy cơ
are at higher risk of,Etiology_RiskFactor,Yếu tố nguy cơ
are at increased risk of,Etiology_RiskFactor,Yếu tố nguy cơ
are at increased risk of developing,Etiology_RiskFactor,Yếu tố nguy cơ
are at risk for,Etiology_AssociatedWith,Liên quan
are at risk for developing,Etiology_AssociatedWith,Liên quan
are at risk of,Etiology_AssociatedWith,Liên quan
are at risk of developing,Etiology_AssociatedWith,Liên quan
are attributed to,Etiology_CausedBy,Do nguyên nhân
are being investigated for,Etiology_AssociatedWith,Liên quan
are catabolized by,PK_Metabolism,Chuyển hóa
are caused by,Etiology_CausedBy,Do nguyên nhân
are characterized by,Clinical_SymptomSign,Triệu chứng
are classified into,Taxonomy_MemberOf,Thuộc nhóm
are collectively called,Etiology_AssociatedWith,Liên quan
are composed of,Taxonomy_PartOf,Thành phần của
are conjugated to,Etiology_AssociatedWith,Liên quan
are counseled to report,Etiology_AssociatedWith,Liên quan
are critical for,Etiology_AssociatedWith,Liên quan
are crucial for,Etiology_AssociatedWith,Liên quan
are dependent on,Etiology_AssociatedWith,Liên quan
are deposited in,Etiology_AssociatedWith,Liên quan
are derived from,Taxonomy_DerivedFrom,Nguồn gốc từ
are detected at,Diagnosis_DiagnosticMethod,Cách chẩn đoán
are diagnosed by,Diagnosis_DiagnosticMethod,Cách chẩn đoán
are diagnosed in,Diagnosis_DiagnosticMethod,Cách chẩn đoán
are distal to,Anatomy_SpatialRelation,Vị trí tương đối
are distributed throughout,Anatomy_LocatedIn,Nằm ở
are elevated in,Diagnosis_LabFinding,Xét nghiệm
are eliminated in,PK_ExcretionClearance,Thải trừ
are essential for,Etiology_AssociatedWith,Liên quan
are established based on,Etiology_AssociatedWith,Liên quan
are exacerbated when in,Etiology_AssociatedWith,Liên quan
are expressed on,Anatomy_ExpressedIn,Biểu hiện ở
are familiar with,Etiology_AssociatedWith,Liên quan
are filled with,Etiology_AssociatedWith,Liên quan
are for,Etiology_AssociatedWith,Liên quan
are formed through,Etiology_AssociatedWith,Liên quan
are found in,Anatomy_LocatedIn,Nằm ở
are found on,Etiology_AssociatedWith,Liên quan
are from,Etiology_AssociatedWith,Liên quan
are hallmark features of,Clinical_SymptomSign,Triệu chứng
are identified as,Etiology_AssociatedWith,Liên quan
are in,Etiology_AssociatedWith,Liên quan
are indicated after,Etiology_AssociatedWith,Liên quan
are indicated for,Treatment_IndicationUse,Điều trị / chỉ định
are inhibitors of,Etiology_AssociatedWith,Liên quan
are involved in,Etiology_AssociatedWith,Liên quan
are key players in,Etiology_AssociatedWith,Liên quan
are known as,Alias_Name,Tên khác
are known for,Etiology_AssociatedWith,Liên quan
are known to confer resistance,Etiology_AssociatedWith,Liên quan
are lined by,Anatomy_SpatialRelation,Vị trí tương đối
are located in,Anatomy_LocatedIn,Nằm ở
are located on,Anatomy_LocatedIn,Nằm ở
are mainly,Etiology_AssociatedWith,Liên quan
are marked by,Clinical_SymptomSign,Triệu chứng
are mediators of,Etiology_AssociatedWith,Liên quan
are more common in,Epidemiology_Demographics,Hay gặp ở nhóm
are more commonly affected by,Etiology_AssociatedWith,Liên quan
are more commonly affected than,Etiology_AssociatedWith,Liên quan
are more likely to pass on,Etiology_AssociatedWith,Liên quan
are more susceptible to,Etiology_RiskFactor,Yếu tố nguy cơ
are multifactorial  including,Etiology_AssociatedWith,Liên quan
are necessary to,Etiology_AssociatedWith,Liên quan
are necessary to avoid,Etiology_AssociatedWith,Liên quan
are needed to determine,Etiology_AssociatedWith,Liên quan
are normal at birth,Temporal_OnsetAge,Tuổi khởi phát
are notable for,Clinical_SymptomSign,Triệu chứng
are observed at,Etiology_AssociatedWith,Liên quan
are observed in,Etiology_AssociatedWith,Liên quan
are obtained by,Etiology_AssociatedWith,Liên quan
are obtained from,Taxonomy_DerivedFrom,Nguồn gốc từ
are of,Etiology_AssociatedWith,Liên quan
are offspring of,Genetics_InheritanceCarrier,Di truyền
are often,Etiology_AssociatedWith,Liên quan
are often accompanied by,Etiology_AssociatedWith,Liên quan
are often referred to as,Alias_Name,Tên khác
are ongoing to evaluate,Etiology_AssociatedWith,Liên quan
are part of,Taxonomy_PartOf,Thành phần của
are potent inhibitors of,Etiology_AssociatedWith,Liên quan
are potentially affected in,Etiology_AssociatedWith,Liên quan
are predisposed to,Etiology_AssociatedWith,Liên quan
are present at,Clinical_ManifestationPresentation,Biểu hiện
are present in,Clinical_ManifestationPresentation,Biểu hiện
are primarily caused by,Etiology_CausedBy,Do nguyên nhân
are primarily located in,Anatomy_LocatedIn,Nằm ở
are prone to,Etiology_RiskFactor,Yếu tố nguy cơ
are recommended for,Etiology_AssociatedWith,Liên quan
are replaced by,Etiology_AssociatedWith,Liên quan
are responsible for,Etiology_AssociatedWith,Liên quan
are risk factors for,Etiology_AssociatedWith,Liên quan
are seen in,Etiology_AssociatedWith,Liên quan
are situated between,Anatomy_SpatialRelation,Vị trí tương đối
are structurally similar to,Taxonomy_VariantOf,Biến thể của
are surrounded by,Anatomy_SpatialRelation,Vị trí tương đối
are susceptible to,Etiology_RiskFactor,Yếu tố nguy cơ
are taken up by,Etiology_AssociatedWith,Liên quan
are thought to play a role in,Etiology_AssociatedWith,Liên quan
are triggered by,Etiology_TriggerExacerbating,Kích hoạt / làm nặng
are twice as likely as,Etiology_AssociatedWith,Liên quan
are typically,Etiology_AssociatedWith,Liên quan
are typically born with,Etiology_AssociatedWith,Liên quan
are underlying factors for,Etiology_AssociatedWith,Liên quan
are used as,Etiology_AssociatedWith,Liên quan
are used for,Treatment_IndicationUse,Điều trị / chỉ định
are used in,Etiology_AssociatedWith,Liên quan
are used to,Treatment_IndicationUse,Điều trị / chỉ định
are used to control,Treatment_IndicationUse,Điều trị / chỉ định
are used to improve,Treatment_IndicationUse,Điều trị / chỉ định
are used to lower,Treatment_IndicationUse,Điều trị / chỉ định
are used to manage,Treatment_IndicationUse,Điều trị / chỉ định
are used to treat,Treatment_IndicationUse,Điều trị / chỉ định
are usually,Etiology_AssociatedWith,Liên quan
are vulnerable to,Etiology_RiskFactor,Yếu tố nguy cơ
are within,Anatomy_SpatialRelation,Vị trí tương đối
are without,Etiology_AssociatedWith,Liên quan
arise from,Etiology_AssociatedWith,Liên quan
arises from,Etiology_CausedBy,Do nguyên nhân
arises from mutations in,Genetics_Mutation,Đột biến
artificially increases,MoA_ModulationOther,Điều hòa khác
assists in,Etiology_AssociatedWith,Liên quan
associated with,Etiology_AssociatedWith,Liên quan
associates with,Etiology_AssociatedWith,Liên quan
association with,Etiology_AssociatedWith,Liên quan
at,Etiology_AssociatedWith,Liên quan
attached to,Anatomy_SpatialRelation,Vị trí tương đối
attack,Etiology_AssociatedWith,Liên quan
attacks,Etiology_AssociatedWith,Liên quan
attributed to,Etiology_CausedBy,Do nguyên nhân
autophosphorylates,Etiology_AssociatedWith,Liên quan
became the first available,Etiology_AssociatedWith,Liên quan
become,Etiology_AssociatedWith,Liên quan
become bedridden,Etiology_AssociatedWith,Liên quan
becomes,Etiology_AssociatedWith,Liên quan
becomes active when,Etiology_AssociatedWith,Liên quan
becomes apparent at,Etiology_AssociatedWith,Liên quan
becomes apparent during,Etiology_AssociatedWith,Liên quan
becomes detectable from,Etiology_AssociatedWith,Liên quan
begins,Temporal_OnsetAge,Tuổi khởi phát
begins after,Temporal_OnsetAge,Tuổi khởi phát
begins at,Temporal_OnsetAge,Tuổi khởi phát
begins in,Temporal_OnsetAge,Tuổi khởi phát
begins with,Temporal_OnsetAge,Tuổi khởi phát
begins with symptoms involving,Clinical_SymptomSign,Triệu chứng
belong to,Etiology_AssociatedWith,Liên quan
belongs to,Taxonomy_MemberOf,Thuộc nhóm
belongs to a class of drugs known as,Alias_Name,Tên khác
belongs to categories,Taxonomy_MemberOf,Thuộc nhóm
belongs to categories of,Taxonomy_MemberOf,Thuộc nhóm
belongs to categories such as,Taxonomy_MemberOf,Thuộc nhóm
belongs to drug categories,DrugClass_Category,Nhóm thuốc
belongs to drug categories including,DrugClass_Category,Nhóm thuốc
belongs to drug categories such as,DrugClass_Category,Nhóm thuốc
belongs to drug category,DrugClass_Category,Nhóm thuốc
belongs to the categories,Taxonomy_MemberOf,Thuộc nhóm
belongs to the categories of,Taxonomy_MemberOf,Thuộc nhóm
belongs to the category of,DrugClass_Category,Nhóm thuốc
belongs to the class of,DrugClass_Category,Nhóm thuốc
belongs to the classes of,Taxonomy_MemberOf,Thuộc nhóm
belongs to the drug category of,DrugClass_Category,Nhóm thuốc
belongs to the family of,Taxonomy_MemberOf,Thuộc nhóm
belongs to the group of,Taxonomy_MemberOf,Thuộc nhóm
belongs to the same drug class as,DrugClass_Category,Nhóm thuốc
belongs to the same family as,Taxonomy_MemberOf,Thuộc nhóm
belongs to the subgroup of,Taxonomy_MemberOf,Thuộc nhóm
belongs to various drug categories,DrugClass_Category,Nhóm thuốc
benefits,Etiology_AssociatedWith,Liên quan
benefits from,Etiology_AssociatedWith,Liên quan
bind to,MoA_BindingAffinity,Gắn kết
binds,MoA_BindingAffinity,Gắn kết
binds competitively to,MoA_BindingAffinity,Gắn kết
binds more than,MoA_BindingAffinity,Gắn kết
binds mostly to,MoA_BindingAffinity,Gắn kết
binds preferentially to,MoA_BindingAffinity,Gắn kết
binds primarily to,MoA_BindingAffinity,Gắn kết
binds reversibly to,MoA_BindingAffinity,Gắn kết
binds strongly to,MoA_BindingAffinity,Gắn kết
binds to,MoA_BindingAffinity,Gắn kết
binds to and detoxifies,MoA_BindingAffinity,Gắn kết
binds to and inhibits,MoA_InhibitionBlockade,Ức chế
binds to the enzyme responsible for,MoA_BindingAffinity,Gắn kết
binds toxins produced by,Taxonomy_ProductOf,Tạo ra bởi
binds with,MoA_BindingAffinity,Gắn kết
binds with high affinity to,MoA_BindingAffinity,Gắn kết
blocks,MoA_InhibitionBlockade,Ức chế
blocks activity of,MoA_InhibitionBlockade,Ức chế
blocks reuptake of,MoA_InhibitionBlockade,Ức chế
blocks the action of,MoA_InhibitionBlockade,Ức chế
blocks the activity of,MoA_InhibitionBlockade,Ức chế
blocks the production of,MoA_InhibitionBlockade,Ức chế
blocks transmission of,MoA_InhibitionBlockade,Ức chế
blunts the surge of,Etiology_AssociatedWith,Liên quan
boosts,Etiology_AssociatedWith,Liên quan
brand name,Alias_Name,Tên khác
breaks down,Etiology_AssociatedWith,Liên quan
burst and release,Etiology_AssociatedWith,Liên quan
bypasses,Etiology_AssociatedWith,Liên quan
can activate,MoA_ActivationInduction,Kích hoạt
can advance to,Etiology_AssociatedWith,Liên quan
can affect,Etiology_AssociatedWith,Liên quan
can alkalinize,Etiology_AssociatedWith,Liên quan
can alleviate,Etiology_AssociatedWith,Liên quan
can alleviate symptoms of,Clinical_SymptomSign,Triệu chứng
can also affect,Etiology_AssociatedWith,Liên quan
can appear concurrently with,Etiology_AssociatedWith,Liên quan
can arise,Etiology_AssociatedWith,Liên quan
can arise from,Etiology_AssociatedWith,Liên quan
can arise in,Etiology_AssociatedWith,Liên quan
can be,Etiology_AssociatedWith,Liên quan
can be accompanied by,Etiology_AssociatedWith,Liên quan
can be achieved by,Etiology_AssociatedWith,Liên quan
can be achieved through,Etiology_AssociatedWith,Liên quan
can be administered,Etiology_AssociatedWith,Liên quan
can be administered as,Etiology_AssociatedWith,Liên quan
can be administered in,Etiology_AssociatedWith,Liên quan
can be administered via,Treatment_AdministrationRoute,Đường dùng
can be affected by,Etiology_AssociatedWith,Liên quan
can be associated with,Etiology_AssociatedWith,Liên quan
can be attributed to,Etiology_CausedBy,Do nguyên nhân
can be beneficial in managing,Etiology_AssociatedWith,Liên quan
can be bound to,Etiology_AssociatedWith,Liên quan
can be caused by,Etiology_CausedBy,Do nguyên nhân
can be classified as,Taxonomy_IsA,Là loại
can be classified into,Taxonomy_MemberOf,Thuộc nhóm
can be combined with,DrugInteraction,Tương tác thuốc
can be complicated by,Clinical_Complication,Biến chứng
can be confined to,Etiology_AssociatedWith,Liên quan
can be confirmed through,Diagnosis_DiagnosticMethod,Cách chẩn đoán
can be considered a first line treatment for,Treatment_IndicationUse,Điều trị / chỉ định
can be considered for,Etiology_AssociatedWith,Liên quan
can be contributed to by,Etiology_AssociatedWith,Liên quan
can be controlled with,Etiology_AssociatedWith,Liên quan
can be converted into,PK_Metabolism,Chuyển hóa
can be converted to,PK_Metabolism,Chuyển hóa
can be detected by,Diagnosis_DiagnosticMethod,Cách chẩn đoán
can be diagnosed by,Diagnosis_DiagnosticMethod,Cách chẩn đoán
can be diagnosed through,Diagnosis_DiagnosticMethod,Cách chẩn đoán
can be diagnosed using,Diagnosis_DiagnosticMethod,Cách chẩn đoán
can be diagnosed with,Diagnosis_DiagnosticMethod,Cách chẩn đoán
can be distinguished from,Diagnosis_DiagnosticMethod,Cách chẩn đoán
can be done through,Etiology_AssociatedWith,Liên quan
can be dosed,Treatment_DoseRegimen,Liều dùng
can be effective in,Treatment_IndicationUse,Điều trị / chỉ định
can be exacerbated by,Etiology_AssociatedWith,Liên quan
can be formulated into,Etiology_AssociatedWith,Liên quan
can be found in,Anatomy_LocatedIn,Nằm ở
can be given alone or in combination with,Etiology_AssociatedWith,Liên quan
can be grouped into,Etiology_AssociatedWith,Liên quan
can be identified by,Diagnosis_DiagnosticMethod,Cách chẩn đoán
can be identified through,Etiology_AssociatedWith,Liên quan
can be incorporated into,Etiology_AssociatedWith,Liên quan
can be increased by,Etiology_AssociatedWith,Liên quan
can be influenced by,Etiology_AssociatedWith,Liên quan
can be inherited due to,Genetics_InheritanceCarrier,Di truyền
can be inherited from,Genetics_InheritanceCarrier,Di truyền
can be inherited or acquired due to,Genetics_InheritanceCarrier,Di truyền
can be life threatening for,Etiology_AssociatedWith,Liên quan
can be linked to,Etiology_AssociatedWith,Liên quan
can be managed by,Treatment_ManagementCare,Theo dõi / chăm sóc
can be managed with,Treatment_ManagementCare,Theo dõi / chăm sóc
can be measured to monitor,Treatment_ManagementCare,Theo dõi / chăm sóc
can be metabolized to,PK_Metabolism,Chuyển hóa
can be metabolized without,PK_Metabolism,Chuyển hóa
can be misdiagnosed as,Etiology_AssociatedWith,Liên quan
can be mistaken for,Etiology_AssociatedWith,Liên quan
can be obtained through,Etiology_AssociatedWith,Liên quan
can be prevented by,Prevention_Prophylaxis,Phòng ngừa
can be prolonged up to,Etiology_AssociatedWith,Liên quan
can be proposed for,Etiology_AssociatedWith,Liên quan
can be reduced to,Etiology_AssociatedWith,Liên quan
can be related to,Etiology_AssociatedWith,Liên quan
can be replaced by,Etiology_AssociatedWith,Liên quan
can be reversed by,Etiology_AssociatedWith,Liên quan
can be reversed with,Etiology_AssociatedWith,Liên quan
can be synthesized by,Taxonomy_ProductOf,Tạo ra bởi
can be the initial manifestation of,Clinical_ManifestationPresentation,Biểu hiện
can be treated,Treatment_IndicationUse,Điều trị / chỉ định
can be treated through,Treatment_IndicationUse,Điều trị / chỉ định
can be treated using,Treatment_IndicationUse,Điều trị / chỉ định
can be treated with,Treatment_IndicationUse,Điều trị / chỉ định
can be triggered by,Etiology_TriggerExacerbating,Kích hoạt / làm nặng
can be used adjunctly with,Etiology_AssociatedWith,Liên quan
can be used as,Etiology_AssociatedWith,Liên quan
can be used as an alternative to,Etiology_AssociatedWith,Liên quan
can be used as part of,Taxonomy_PartOf,Thành phần của
can be used for,Treatment_IndicationUse,Điều trị / chỉ định
can be used in combination with,DrugInteraction,Tương tác thuốc
can be used in conjunction with,Etiology_AssociatedWith,Liên quan
can be used in the management of,Treatment_ManagementCare,Theo dõi / chăm sóc
can be used to,Treatment_IndicationUse,Điều trị / chỉ định
can be used to manage,Treatment_IndicationUse,Điều trị / chỉ định
can be used to treat,Treatment_IndicationUse,Điều trị / chỉ định
can be used with,Etiology_AssociatedWith,Liên quan
can be utilized for,Etiology_AssociatedWith,Liên quan
can be worsened by,Etiology_TriggerExacerbating,Kích hoạt / làm nặng
can become,Etiology_AssociatedWith,Liên quan
can become a focal point for,Etiology_AssociatedWith,Liên quan
can begin as early as,Etiology_AssociatedWith,Liên quan
can benefit,Etiology_AssociatedWith,Liên quan
can benefit from,Etiology_AssociatedWith,Liên quan
can bind to,MoA_BindingAffinity,Gắn kết
can cause,Etiology_AssociatedWith,Liên quan
can cause complications such as,Clinical_Complication,Biến chứng
can cause deficiencies in,Diagnosis_LabFinding,Xét nghiệm
can cause reproductive complications such as,Etiology_AssociatedWith,Liên quan
can cause severe reactions such as,Etiology_AssociatedWith,Liên quan
can cause significant side effects including,Safety_AdverseEffect,Tác dụng phụ
can co occur with,Clinical_Comorbidity,Đồng mắc
can complicate diagnosis with,Diagnosis_DiagnosticMethod,Cách chẩn đoán
can compromise,Etiology_AssociatedWith,Liên quan
can confirm,Etiology_AssociatedWith,Liên quan
can contribute to,Etiology_AssociatedWith,Liên quan
can cross,Etiology_AssociatedWith,Liên quan
can damage,Etiology_AssociatedWith,Liên quan
can decrease,MoA_ModulationOther,Điều hòa khác
can demonstrate,Etiology_AssociatedWith,Liên quan
can detect,Etiology_AssociatedWith,Liên quan
can develop,Etiology_AssociatedWith,Liên quan
can develop into,Etiology_AssociatedWith,Liên quan
can develop over time or come on,Etiology_AssociatedWith,Liên quan
can develop over time or present suddenly,Clinical_ManifestationPresentation,Biểu hiện
can displace,Etiology_AssociatedWith,Liên quan
can ensure,Etiology_AssociatedWith,Liên quan
can exacerbate,Etiology_AssociatedWith,Liên quan
can exhibit,Etiology_AssociatedWith,Liên quan
can exhibit additional features such as,Etiology_AssociatedWith,Liên quan
can expect,Etiology_AssociatedWith,Liên quan
can facilitate,Etiology_AssociatedWith,Liên quan
can feature,Etiology_AssociatedWith,Liên quan
can follow exposure to,Etiology_AssociatedWith,Liên quan
can form,Etiology_AssociatedWith,Liên quan
can harden into,Etiology_AssociatedWith,Liên quan
can have,Etiology_AssociatedWith,Liên quan
can have impact on,Etiology_AssociatedWith,Liên quan
can have implications for,Etiology_AssociatedWith,Liên quan
can have serious side effects including,Safety_AdverseEffect,Tác dụng phụ
can have side effects such as,Safety_AdverseEffect,Tác dụng phụ
can help,Etiology_AssociatedWith,Liên quan
can help alleviate,Etiology_AssociatedWith,Liên quan
can help confirm,Etiology_AssociatedWith,Liên quan
can help improve,Etiology_AssociatedWith,Liên quan
can help improve symptoms such as,Clinical_SymptomSign,Triệu chứng
can help maintain,Etiology_AssociatedWith,Liên quan
can help manage,Treatment_ManagementCare,Theo dõi / chăm sóc
can help mitigate,Etiology_AssociatedWith,Liên quan
can help prevent,Prevention_Prophylaxis,Phòng ngừa
can help protect,Etiology_AssociatedWith,Liên quan
can help protect against,Etiology_AssociatedWith,Liên quan
can help reduce,MoA_ModulationOther,Điều hòa khác
can help relieve,Etiology_AssociatedWith,Liên quan
can help replace,Etiology_AssociatedWith,Liên quan
can help restore,Etiology_AssociatedWith,Liên quan
can help slow down,Etiology_AssociatedWith,Liên quan
can help to normalize,Etiology_AssociatedWith,Liên quan
can help to prevent,Prevention_Prophylaxis,Phòng ngừa
can help to reduce,MoA_ModulationOther,Điều hòa khác
can identify,Etiology_AssociatedWith,Liên quan
can identify mutations in,Genetics_Mutation,Đột biến
can impact,Etiology_AssociatedWith,Liên quan
can impair,Etiology_AssociatedWith,Liên quan
can improve,Etiology_AssociatedWith,Liên quan
can improve outcomes for,Etiology_AssociatedWith,Liên quan
can inactivate,Etiology_AssociatedWith,Liên quan
can include,Etiology_AssociatedWith,Liên quan
can include complications such as,Etiology_AssociatedWith,Liên quan
can include non neurological manifestations such as,Clinical_ManifestationPresentation,Biểu hiện
can include symptoms like,Clinical_SymptomSign,Triệu chứng
can include symptoms such as,Clinical_SymptomSign,Triệu chứng
can increase,MoA_ModulationOther,Điều hòa khác
can increase the risk of,MoA_ModulationOther,Điều hòa khác
can induce,MoA_ActivationInduction,Kích hoạt
can inhibit,MoA_InhibitionBlockade,Ức chế
can inhibit the production of,MoA_InhibitionBlockade,Ức chế
can interact with,DrugInteraction,Tương tác thuốc
can involve,Etiology_AssociatedWith,Liên quan
can lead,Etiology_AssociatedWith,Liên quan
can lead to,Etiology_AssociatedWith,Liên quan
can lead to an increased risk of,Etiology_AssociatedWith,Liên quan
can lead to changes in,Etiology_AssociatedWith,Liên quan
can lead to complications in,Etiology_AssociatedWith,Liên quan
can lead to complications like,Etiology_AssociatedWith,Liên quan
can lead to complications such as,Etiology_AssociatedWith,Liên quan
can lead to symptoms including,Clinical_SymptomSign,Triệu chứng
can limit,Etiology_AssociatedWith,Liên quan
can maintain serum levels for,Diagnosis_LabFinding,Xét nghiệm
can manifest as,Clinical_ManifestationPresentation,Biểu hiện
can manifest in,Clinical_ManifestationPresentation,Biểu hiện
can manifest with,Clinical_ManifestationPresentation,Biểu hiện
can metastasize to,Temporal_Progression,Tiến triển
can mimic,MoA_ModulationOther,Điều hòa khác
can minimize,Etiology_AssociatedWith,Liên quan
can modulate,MoA_ModulationOther,Điều hòa khác
can obstruct,Etiology_AssociatedWith,Liên quan
can occur,Etiology_AssociatedWith,Liên quan
can occur after,Etiology_AssociatedWith,Liên quan
can occur as,Etiology_AssociatedWith,Liên quan
can occur as a result of,Etiology_AssociatedWith,Liên quan
can occur at,Etiology_AssociatedWith,Liên quan
can occur due to,Etiology_CausedBy,Do nguyên nhân
can occur endemically in,Etiology_AssociatedWith,Liên quan
can occur in,Etiology_AssociatedWith,Liên quan
can occur in association with,Etiology_AssociatedWith,Liên quan
can occur in conditions such as,Etiology_AssociatedWith,Liên quan
can occur through,Etiology_AssociatedWith,Liên quan
can occur up to,Etiology_AssociatedWith,Liên quan
can occur with or without,Etiology_AssociatedWith,Liên quan
can offer,Etiology_AssociatedWith,Liên quan
can onset at,Temporal_OnsetAge,Tuổi khởi phát
can onset in,Temporal_OnsetAge,Tuổi khởi phát
can persist into,Temporal_DurationResolution,Thời gian / hồi phục
can persist throughout,Temporal_DurationResolution,Thời gian / hồi phục
can potentially cause,Etiology_AssociatedWith,Liên quan
can precipitate,Etiology_AssociatedWith,Liên quan
can present as,Clinical_ManifestationPresentation,Biểu hiện
can present early in,Clinical_ManifestationPresentation,Biểu hiện
can present in,Clinical_ManifestationPresentation,Biểu hiện
can present later in,Clinical_ManifestationPresentation,Biểu hiện
can present with,Clinical_ManifestationPresentation,Biểu hiện
can present with symptoms such as,Clinical_ManifestationPresentation,Biểu hiện
can preserve,Etiology_AssociatedWith,Liên quan
can prevent,Prevention_Prophylaxis,Phòng ngừa
can progress,Temporal_Progression,Tiến triển
can progress to,Temporal_Progression,Tiến triển
can progress to involve,Temporal_Progression,Tiến triển
can prolong,Etiology_AssociatedWith,Liên quan
can promote,MoA_ModulationOther,Điều hòa khác
can provide,Etiology_AssociatedWith,Liên quan
can provide effective symptom control for,Clinical_SymptomSign,Triệu chứng
can provide relief from,Etiology_AssociatedWith,Liên quan
can radiate to,Etiology_AssociatedWith,Liên quan
can range from,Etiology_AssociatedWith,Liên quan
can range in severity from,Etiology_AssociatedWith,Liên quan
can recover from,Temporal_DurationResolution,Thời gian / hồi phục
can reduce,MoA_ModulationOther,Điều hòa khác
can relieve,Etiology_AssociatedWith,Liên quan
can resolve completely in,Etiology_AssociatedWith,Liên quan
can restore,Etiology_AssociatedWith,Liên quan
can result from,Etiology_CausedBy,Do nguyên nhân
can result in,Etiology_AssociatedWith,Liên quan
can sequester,Etiology_AssociatedWith,Liên quan
can show,Etiology_AssociatedWith,Liên quan
can significantly impact,Etiology_AssociatedWith,Liên quan
can slow,Etiology_AssociatedWith,Liên quan
can spread into,Etiology_AssociatedWith,Liên quan
can spread to,Etiology_AssociatedWith,Liên quan
can stimulate,MoA_ActivationInduction,Kích hoạt
can take forms including,Etiology_AssociatedWith,Liên quan
can transmit,Etiology_AssociatedWith,Liên quan
can treat,Treatment_IndicationUse,Điều trị / chỉ định
can trigger,Etiology_AssociatedWith,Liên quan
can ultimately cause,Etiology_AssociatedWith,Liên quan
can undergo metabolism by,Etiology_AssociatedWith,Liên quan
can vary depending on,Etiology_AssociatedWith,Liên quan
can vary in severity from,Etiology_AssociatedWith,Liên quan
can vary significantly between,Anatomy_SpatialRelation,Vị trí tương đối
can vary widely in,Etiology_AssociatedWith,Liên quan
can weaken,Etiology_AssociatedWith,Liên quan
can worsen,Etiology_AssociatedWith,Liên quan
can worsen leading to,Etiology_AssociatedWith,Liên quan
can worsen over time if,Etiology_AssociatedWith,Liên quan
can worsen with,Etiology_AssociatedWith,Liên quan
cannot be aromatized to,Etiology_AssociatedWith,Liên quan
carrier,Genetics_InheritanceCarrier,Di truyền
carries a high risk of,Etiology_AssociatedWith,Liên quan
carries a risk of,Etiology_AssociatedWith,Liên quan
carries activity against,Etiology_AssociatedWith,Liên quan
carries in vitro activity against,Etiology_AssociatedWith,Liên quan
cases of,Epidemiology_PrevalenceIncidence,Tần suất mắc
catalyses,Etiology_AssociatedWith,Liên quan
catalyzes,Etiology_AssociatedWith,Liên quan
catalyzes levodopa to,Etiology_AssociatedWith,Liên quan
catalyzes the conversion of,Etiology_AssociatedWith,Liên quan
catalyzes the deamidation of,Etiology_AssociatedWith,Liên quan
catalyzes the formation of,Etiology_AssociatedWith,Liên quan
catalyzes the transfer of,Etiology_AssociatedWith,Liên quan
cause,Etiology_AssociatedWith,Liên quan
caused by,Etiology_CausedBy,Do nguyên nhân
caused by mutations in,Genetics_Mutation,Đột biến
causes,Etiology_AssociatedWith,Liên quan
causes a syndrome characterized by,Clinical_SymptomSign,Triệu chứng
causes adverse effects due to,Safety_AdverseEffect,Tác dụng phụ
causes adverse effects including,Safety_AdverseEffect,Tác dụng phụ
causes adverse effects such as,Safety_AdverseEffect,Tác dụng phụ
causes damage to,Etiology_AssociatedWith,Liên quan
causes loss of,Etiology_AssociatedWith,Liên quan
causes perception of,Etiology_AssociatedWith,Liên quan
causes symptoms of,Clinical_SymptomSign,Triệu chứng
causes symptoms such as,Clinical_SymptomSign,Triệu chứng
challenges,Etiology_AssociatedWith,Liên quan
changes manifest as,Clinical_ManifestationPresentation,Biểu hiện
characterized by,Clinical_SymptomSign,Triệu chứng
chelate,Etiology_AssociatedWith,Liên quan
chelates,Etiology_AssociatedWith,Liên quan
circulate bound to,Etiology_AssociatedWith,Liên quan
circulate in the blood bound to,Etiology_AssociatedWith,Liên quan
circulates in,Etiology_AssociatedWith,Liên quan
classified as,Taxonomy_IsA,Là loại
cleaves,Etiology_AssociatedWith,Liên quan
co occurs with,Clinical_Comorbidity,Đồng mắc
codes for,Genetics_GeneEncodes,Gen mã hóa
combines,Etiology_AssociatedWith,Liên quan
combines with,Etiology_AssociatedWith,Liên quan
comes as an,Etiology_AssociatedWith,Liên quan
commences in,Etiology_AssociatedWith,Liên quan
common side effects include,Safety_AdverseEffect,Tác dụng phụ
commonly observed with,Etiology_AssociatedWith,Liên quan
commonly occurs to,Etiology_AssociatedWith,Liên quan
compared to,Etiology_AssociatedWith,Liên quan
compares to,Etiology_AssociatedWith,Liên quan
competes for,Etiology_AssociatedWith,Liên quan
competes with,DrugInteraction,Tương tác thuốc
complicated by,Clinical_Complication,Biến chứng
complicates,Clinical_Complication,Biến chứng
complications include,Etiology_AssociatedWith,Liên quan
complications may include,Etiology_AssociatedWith,Liên quan
composed of,Taxonomy_PartOf,Thành phần của
compress,Etiology_AssociatedWith,Liên quan
comprises,Etiology_AssociatedWith,Liên quan
concentration increases during,Diagnosis_LabFinding,Xét nghiệm
concentration of receptors increases during,Diagnosis_LabFinding,Xét nghiệm
confirm,Etiology_AssociatedWith,Liên quan
confirms,Etiology_AssociatedWith,Liên quan
conjugates with,Etiology_AssociatedWith,Liên quan
connects,Etiology_AssociatedWith,Liên quan
conserves,Etiology_AssociatedWith,Liên quan
considered a variant of,Taxonomy_VariantOf,Biến thể của
consists of,Taxonomy_PartOf,Thành phần của
constitute,Taxonomy_PartOf,Thành phần của
contain,Etiology_AssociatedWith,Liên quan
contains,Taxonomy_PartOf,Thành phần của
contains regions of,Taxonomy_PartOf,Thành phần của
continues to be investigated for,Etiology_AssociatedWith,Liên quan
contraindication,Safety_ContraindicationAvoid,Chống chỉ định
contribute to,Etiology_AssociatedWith,Liên quan
contributes to,Etiology_AssociatedWith,Liên quan
control the biosynthesis of,Etiology_AssociatedWith,Liên quan
controls,Etiology_AssociatedWith,Liên quan
converted into,PK_Metabolism,Chuyển hóa
converts,Etiology_AssociatedWith,Liên quan
converts into,Etiology_AssociatedWith,Liên quan
corrects,Etiology_AssociatedWith,Liên quan
corrects defects caused by,Etiology_CausedBy,Do nguyên nhân
corrects the coagulation defect of,Etiology_AssociatedWith,Liên quan
counsel patients regarding,Treatment_ManagementCare,Theo dõi / chăm sóc
counts in preventing,Etiology_AssociatedWith,Liên quan
couples and iodinating,Etiology_AssociatedWith,Liên quan
creates,Etiology_AssociatedWith,Liên quan
creates complex with,Etiology_AssociatedWith,Liên quan
cross,Etiology_AssociatedWith,Liên quan
crosses,PK_DistributionProteinBinding,Phân bố & gắn
crosses the,PK_DistributionProteinBinding,Phân bố & gắn
currently has,Etiology_AssociatedWith,Liên quan
damages,Etiology_AssociatedWith,Liên quan
dampens the excitability of,MoA_ModulationOther,Điều hòa khác
decrease production of,MoA_ModulationOther,Điều hòa khác
decreases,MoA_ModulationOther,Điều hòa khác
decreases conversion of,MoA_ModulationOther,Điều hòa khác
decreases during,MoA_ModulationOther,Điều hòa khác
decreases expression of,MoA_ModulationOther,Điều hòa khác
decreases inflammation by inhibiting,MoA_ModulationOther,Điều hòa khác
decreases production of,MoA_ModulationOther,Điều hòa khác
decreases secretion of,MoA_ModulationOther,Điều hòa khác
decreases the clinical frequency of,MoA_ModulationOther,Điều hòa khác
decreases the excretion of,PK_ExcretionClearance,Thải trừ
decreases the level of,MoA_ModulationOther,Điều hòa khác
decreases the synthesis of,MoA_ModulationOther,Điều hòa khác
deficiencies can lead to,Diagnosis_LabFinding,Xét nghiệm
deficiency can manifest as,Diagnosis_LabFinding,Xét nghiệm
deficiency causes,Diagnosis_LabFinding,Xét nghiệm
deficiency is a risk factor for,Diagnosis_LabFinding,Xét nghiệm
deficiency is found in,Diagnosis_LabFinding,Xét nghiệm
deficiency leads to,Diagnosis_LabFinding,Xét nghiệm
defined,Etiology_AssociatedWith,Liên quan
defined as,Alias_Name,Tên khác
degrades,Etiology_AssociatedWith,Liên quan
degrades into,Etiology_AssociatedWith,Liên quan
delays,Etiology_AssociatedWith,Liên quan
demonstrate,Etiology_AssociatedWith,Liên quan
demonstrated,Etiology_AssociatedWith,Liên quan
demonstrated activity in,Etiology_AssociatedWith,Liên quan
demonstrated clinical efficacy in,Etiology_AssociatedWith,Liên quan
demonstrated ic50 for wild type receptor of,Diagnosis_LabFinding,Xét nghiệm
demonstrates,Etiology_AssociatedWith,Liên quan
demonstrates activity in,Etiology_AssociatedWith,Liên quan
demonstrates antibacterial mechanisms against,Etiology_AssociatedWith,Liên quan
demonstrates effects through,Etiology_AssociatedWith,Liên quan
demonstrates maximal efficacy at,Etiology_AssociatedWith,Liên quan
denotes,Alias_Name,Tên khác
depend on,Etiology_AssociatedWith,Liên quan
depends on,Etiology_AssociatedWith,Liên quan
depletes asparagine levels in,Etiology_AssociatedWith,Liên quan
depresses,Etiology_AssociatedWith,Liên quan
derived from,Taxonomy_DerivedFrom,Nguồn gốc từ
described by,Etiology_AssociatedWith,Liên quan
describes,Etiology_AssociatedWith,Liên quan
designed to treat,Treatment_IndicationUse,Điều trị / chỉ định
detach to form,Etiology_AssociatedWith,Liên quan
detects,Etiology_AssociatedWith,Liên quan
develop,Etiology_AssociatedWith,Liên quan
develop into,Etiology_AssociatedWith,Liên quan
developed,Etiology_AssociatedWith,Liên quan
developed as,Etiology_AssociatedWith,Liên quan
developed by,Etiology_AssociatedWith,Liên quan
developed in,Etiology_AssociatedWith,Liên quan
develops,Etiology_AssociatedWith,Liên quan
develops between,Anatomy_SpatialRelation,Vị trí tương đối
develops during,Etiology_AssociatedWith,Liên quan
develops following exposure to,Etiology_AssociatedWith,Liên quan
develops in,Etiology_AssociatedWith,Liên quan
develops in individuals who have undergone,Etiology_AssociatedWith,Liên quan
develops ocular signs such as,Clinical_SymptomSign,Triệu chứng
develops on,Etiology_AssociatedWith,Liên quan
diagnosed using,Diagnosis_DiagnosticMethod,Cách chẩn đoán
diagnosis includes,Diagnosis_DiagnosticMethod,Cách chẩn đoán
diagnosis occurs,Diagnosis_DiagnosticMethod,Cách chẩn đoán
diagnosis relies on,Diagnosis_DiagnosticMethod,Cách chẩn đoán
diagnosis supported by,Diagnosis_DiagnosticMethod,Cách chẩn đoán
differentiated from,Diagnosis_DiagnosticMethod,Cách chẩn đoán
differs by,Etiology_AssociatedWith,Liên quan
differs from,Etiology_AssociatedWith,Liên quan
dilates,Etiology_AssociatedWith,Liên quan
disappear by,Temporal_DurationResolution,Thời gian / hồi phục
discovered,Etiology_AssociatedWith,Liên quan
discovered using,Etiology_AssociatedWith,Liên quan
display,Etiology_AssociatedWith,Liên quan
displays,Etiology_AssociatedWith,Liên quan
displays additive effects with,DrugInteraction,Tương tác thuốc
displays effective antiviral activity against,Etiology_AssociatedWith,Liên quan
displays features denoted by,Etiology_AssociatedWith,Liên quan
displays features of,Etiology_AssociatedWith,Liên quan
displays insignificant pharmacological activity at,Etiology_AssociatedWith,Liên quan
displays synergistic effects with,DrugInteraction,Tương tác thuốc
displays weaker binding to,MoA_BindingAffinity,Gắn kết
disproportionately affects,Etiology_AssociatedWith,Liên quan
disrupt,MoA_ModulationOther,Điều hòa khác
disrupts,MoA_ModulationOther,Điều hòa khác
disrupts membrane potential in,MoA_ModulationOther,Điều hòa khác
disrupts the function of,MoA_ModulationOther,Điều hòa khác
distinguished from,Diagnosis_DiagnosticMethod,Cách chẩn đoán
distinguishes from,Etiology_AssociatedWith,Liên quan
distinguishes itself from,Etiology_AssociatedWith,Liên quan
distributes into,Etiology_AssociatedWith,Liên quan
do not exhibit,Etiology_AssociatedWith,Liên quan
does not accumulate in,Etiology_AssociatedWith,Liên quan
does not act as,Etiology_AssociatedWith,Liên quan
does not affect,Etiology_AssociatedWith,Liên quan
does not affect concentrations in,Etiology_AssociatedWith,Liên quan
does not alter,Etiology_AssociatedWith,Liên quan
does not bind to,MoA_BindingAffinity,Gắn kết
does not change,Etiology_AssociatedWith,Liên quan
does not cross,Etiology_AssociatedWith,Liên quan
does not exhibit,Etiology_AssociatedWith,Liên quan
does not have,Etiology_AssociatedWith,Liên quan
does not have significant activity with,Etiology_AssociatedWith,Liên quan
does not have the same level of anti inflammatory effects as,Etiology_AssociatedWith,Liên quan
does not include,Etiology_AssociatedWith,Liên quan
does not increase expression in,MoA_ActivationInduction,Kích hoạt
does not inhibit,MoA_InhibitionBlockade,Ức chế
does not interfere with,MoA_ModulationOther,Điều hòa khác
does not involve,Etiology_AssociatedWith,Liên quan
does not lead to significant changes in,Etiology_AssociatedWith,Liên quan
does not persist unless,Temporal_DurationResolution,Thời gian / hồi phục
does not present any,Clinical_ManifestationPresentation,Biểu hiện
does not provide,Etiology_AssociatedWith,Liên quan
does not recur after,Etiology_AssociatedWith,Liên quan
does not reduce,MoA_ModulationOther,Điều hòa khác
does not respond to,Etiology_AssociatedWith,Liên quan
does not result in,Etiology_AssociatedWith,Liên quan
does not significantly bind to,MoA_BindingAffinity,Gắn kết
does not significantly increase,MoA_ModulationOther,Điều hòa khác
does not typically appear on,Etiology_AssociatedWith,Liên quan
donates,Etiology_AssociatedWith,Liên quan
down regulates,Anatomy_ExpressedIn,Biểu hiện ở
due to,Etiology_CausedBy,Do nguyên nhân
early diagnosis and treatment are crucial to,Treatment_IndicationUse,Điều trị / chỉ định
elevates plasma levels of,Diagnosis_LabFinding,Xét nghiệm
emerge,Etiology_AssociatedWith,Liên quan
emits,Etiology_AssociatedWith,Liên quan
emphasizes,Etiology_AssociatedWith,Liên quan
emphasizes the need for,Etiology_AssociatedWith,Liên quan
employed in preparing patients for,Etiology_AssociatedWith,Liên quan
enables,Etiology_AssociatedWith,Liên quan
encodes,Genetics_GeneEncodes,Gen mã hóa
encodes for,Genetics_GeneEncodes,Gen mã hóa
encompasses,Etiology_AssociatedWith,Liên quan
engage in,Etiology_AssociatedWith,Liên quan
enhances,Etiology_AssociatedWith,Liên quan
enhances absorption of,PK_Absorption,Hấp thu
enhances penetration in,Etiology_AssociatedWith,Liên quan
enhances the activity of,MoA_ActivationInduction,Kích hoạt
enhances the binding of,MoA_BindingAffinity,Gắn kết
enhances the release of,MoA_ActivationInduction,Kích hoạt
enhances visibility of,Etiology_AssociatedWith,Liên quan
enlarge with,Etiology_AssociatedWith,Liên quan
ensures,Etiology_AssociatedWith,Liên quan
ensures efficient delivery to,Etiology_AssociatedWith,Liên quan
ensures high,Etiology_AssociatedWith,Liên quan
enters,Etiology_AssociatedWith,Liên quan
enters the cell through,Etiology_AssociatedWith,Liên quan
enzyme,Etiology_AssociatedWith,Liên quan
etiology involves,Etiology_AssociatedWith,Liên quan
etiology remains,Etiology_AssociatedWith,Liên quan
evaluate,Etiology_AssociatedWith,Liên quan
evaluates,Etiology_AssociatedWith,Liên quan
eventually leads to,Temporal_Progression,Tiến triển
eventually progresses to,Temporal_Progression,Tiến triển
evolves into,Temporal_Progression,Tiến triển
exacerbate,Etiology_AssociatedWith,Liên quan
exacerbated by,Etiology_AssociatedWith,Liên quan
exacerbates,Etiology_AssociatedWith,Liên quan
examination may reveal,Etiology_AssociatedWith,Liên quan
examination reveals,Etiology_AssociatedWith,Liên quan
excludes,Etiology_AssociatedWith,Liên quan
excrete,Etiology_AssociatedWith,Liên quan
exerts,Etiology_AssociatedWith,Liên quan
exerts a mechanism of action similar to,Etiology_AssociatedWith,Liên quan
exerts a positive effect on,Etiology_AssociatedWith,Liên quan
exerts a slow bactericidal effect on,Etiology_AssociatedWith,Liên quan
exerts activity against,Etiology_AssociatedWith,Liên quan
exerts anti inflammatory properties due to suppression of,Etiology_CausedBy,Do nguyên nhân
exerts antitumor effects by interfering with,Etiology_AssociatedWith,Liên quan
exerts effects by,Etiology_AssociatedWith,Liên quan
exerts effects by potentiating,Etiology_AssociatedWith,Liên quan
exerts effects on,Etiology_AssociatedWith,Liên quan
exerts effects through,Etiology_AssociatedWith,Liên quan
exerts greatest effect in,Etiology_AssociatedWith,Liên quan
exerts its effects by potentiating,Etiology_AssociatedWith,Liên quan
exerts its effects via,Etiology_AssociatedWith,Liên quan
exerts pharmacological effect by promoting,Etiology_AssociatedWith,Liên quan
exerts therapeutic effects without,Etiology_AssociatedWith,Liên quan
exhibit,Etiology_AssociatedWith,Liên quan
exhibit atrophy of,Etiology_AssociatedWith,Liên quan
exhibit manifestations similar to,Clinical_ManifestationPresentation,Biểu hiện
exhibit signs of,Clinical_SymptomSign,Triệu chứng
exhibit symptoms of,Clinical_SymptomSign,Triệu chứng
exhibit symptoms such as,Clinical_SymptomSign,Triệu chứng
exhibits,Etiology_AssociatedWith,Liên quan
exhibits a mixture of,Etiology_AssociatedWith,Liên quan
exhibits a molecular weight of,Etiology_AssociatedWith,Liên quan
exhibits activity against,Etiology_AssociatedWith,Liên quan
exhibits affinity for,MoA_BindingAffinity,Gắn kết
exhibits anomalies of,Etiology_AssociatedWith,Liên quan
exhibits antitumor activity against,Etiology_AssociatedWith,Liên quan
exhibits binding to,MoA_BindingAffinity,Gắn kết
exhibits cytotoxicity to,Etiology_AssociatedWith,Liên quan
exhibits effects of,Etiology_AssociatedWith,Liên quan
exhibits effects on,Etiology_AssociatedWith,Liên quan
exhibits high binding affinity to,MoA_BindingAffinity,Gắn kết
exhibits increased susceptibility to,Etiology_AssociatedWith,Liên quan
exhibits inhibitory effect on,Etiology_AssociatedWith,Liên quan
exhibits lesions on,Etiology_AssociatedWith,Liên quan
exhibits loss of,Etiology_AssociatedWith,Liên quan
exhibits overlap with,Etiology_AssociatedWith,Liên quan
exhibits selectivity for,Etiology_AssociatedWith,Liên quan
exhibits symptoms including,Clinical_SymptomSign,Triệu chứng
exhibits symptoms of,Clinical_SymptomSign,Triệu chứng
exhibits symptoms such as,Clinical_SymptomSign,Triệu chứng
exists as,Etiology_AssociatedWith,Liên quan
experience,Etiology_AssociatedWith,Liên quan
experience decline in,Etiology_AssociatedWith,Liên quan
experience loss of mobility,Etiology_AssociatedWith,Liên quan
experience loss of motor speech production,Etiology_AssociatedWith,Liên quan
experience symptoms of,Clinical_SymptomSign,Triệu chứng
experience symptoms such as,Clinical_SymptomSign,Triệu chứng
experienced improvements in,Etiology_AssociatedWith,Liên quan
exploits a defect in,Etiology_AssociatedWith,Liên quan
expression absent,Anatomy_ExpressedIn,Biểu hiện ở
expression present,Clinical_ManifestationPresentation,Biểu hiện
extends from,Anatomy_LocatedIn,Nằm ở
face challenges in,Etiology_AssociatedWith,Liên quan
facilitates,MoA_ModulationOther,Điều hòa khác
facilitates absorption of,PK_Absorption,Hấp thu
facilitates production of,MoA_ModulationOther,Điều hòa khác
facilitates rapid crossing into,MoA_ModulationOther,Điều hòa khác
facilitates the production of,MoA_ModulationOther,Điều hòa khác
fails to respond to,Etiology_AssociatedWith,Liên quan
falls under the category of,Taxonomy_MemberOf,Thuộc nhóm
fda approval status is,Regulatory_Status,Trạng thái phê duyệt
fda approved in,Regulatory_Status,Trạng thái phê duyệt
fda approved on,Regulatory_Status,Trạng thái phê duyệt
feature,Etiology_AssociatedWith,Liên quan
features,Etiology_AssociatedWith,Liên quan
features are,Etiology_AssociatedWith,Liên quan
features include,Etiology_AssociatedWith,Liên quan
fed a,Etiology_AssociatedWith,Liên quan
feed,Etiology_AssociatedWith,Liên quan
fill with,Etiology_AssociatedWith,Liên quan
fills a niche for,Etiology_AssociatedWith,Liên quan
filters out,Etiology_AssociatedWith,Liên quan
findings include,Etiology_AssociatedWith,Liên quan
findings reveal,Etiology_AssociatedWith,Liên quan
first approved in,Regulatory_Status,Trạng thái phê duyệt
first described in,Etiology_AssociatedWith,Liên quan
first identified in,Etiology_AssociatedWith,Liên quan
first observed in,Etiology_AssociatedWith,Liên quan
first reported in,Epidemiology_PrevalenceIncidence,Tần suất mắc
first used in,Etiology_AssociatedWith,Liên quan
fits into,Etiology_AssociatedWith,Liên quan
focus on,Etiology_AssociatedWith,Liên quan
focuses on,Etiology_AssociatedWith,Liên quan
focuses on alleviating,Etiology_AssociatedWith,Liên quan
focuses on maintaining,Etiology_AssociatedWith,Liên quan
focuses on managing,Etiology_AssociatedWith,Liên quan
focuses on minimizing,Etiology_AssociatedWith,Liên quan
follow,Etiology_AssociatedWith,Liên quan
follows,Etiology_AssociatedWith,Liên quan
for adults with,Etiology_AssociatedWith,Liên quan
for combined deficiency,Diagnosis_LabFinding,Xét nghiệm
for developing,Etiology_AssociatedWith,Liên quan
form,Etiology_AssociatedWith,Liên quan
formerly known as,Alias_Name,Tên khác
forms,Etiology_AssociatedWith,Liên quan
forms a complex with,Etiology_AssociatedWith,Liên quan
forms a covalent adduct with,Etiology_AssociatedWith,Liên quan
forms a covalent bond with,Etiology_AssociatedWith,Liên quan
forms complex with,Etiology_AssociatedWith,Liên quan
forms complexes with,Etiology_AssociatedWith,Liên quan
forms of,Etiology_AssociatedWith,Liên quan
found,Etiology_AssociatedWith,Liên quan
found in,Anatomy_LocatedIn,Nằm ở
frequently observes,Etiology_AssociatedWith,Liên quan
from,Etiology_AssociatedWith,Liên quan
functions as,Etiology_AssociatedWith,Liên quan
functions as a partial agonist at,MoA_AgonistAntagonist,Kích/khóa thụ thể
functions by preventing,Etiology_AssociatedWith,Liên quan
functions within,Anatomy_SpatialRelation,Vị trí tương đối
fuses with,Etiology_AssociatedWith,Liên quan
gained traction due to,Etiology_CausedBy,Do nguyên nhân
generally has,Etiology_AssociatedWith,Liên quan
generally have,Etiology_AssociatedWith,Liên quan
generally stabilize with,Etiology_AssociatedWith,Liên quan
generates,Etiology_AssociatedWith,Liên quan
gives way to,Etiology_AssociatedWith,Liên quan
gradually expands during,Etiology_AssociatedWith,Liên quan
gradually increases in,MoA_ModulationOther,Điều hòa khác
gradually spreads to,Temporal_Progression,Tiến triển
granted,Regulatory_Status,Trạng thái phê duyệt
granted in,Regulatory_Status,Trạng thái phê duyệt
grows into,Etiology_AssociatedWith,Liên quan
half of patients develop,Etiology_AssociatedWith,Liên quan
harbors,Genetics_GeneEncodes,Gen mã hóa
has,Etiology_AssociatedWith,Liên quan
has  99  binding to,MoA_BindingAffinity,Gắn kết
has a,Etiology_AssociatedWith,Liên quan
has a bacteriostatic effect when,Etiology_AssociatedWith,Liên quan
has a better prognosis than,Etiology_AssociatedWith,Liên quan
has a binding affinity for,MoA_BindingAffinity,Gắn kết
has a binding affinity to,MoA_BindingAffinity,Gắn kết
has a biological half life of,PK_DistributionProteinBinding,Phân bố & gắn
has a biphasic half life with an initial phase of,PK_DistributionProteinBinding,Phân bố & gắn
has a black box warning of,Safety_AdverseEffect,Tác dụng phụ
has a carrier frequency of,Genetics_InheritanceCarrier,Di truyền
has a causative mutation in,Genetics_Mutation,Đột biến
has a chance of inheriting,Genetics_InheritanceCarrier,Di truyền
has a characteristic,Etiology_AssociatedWith,Liên quan
has a chemical name of,Etiology_AssociatedWith,Liên quan
has a clinical indication for,Treatment_IndicationUse,Điều trị / chỉ định
has a clogp value of,Etiology_AssociatedWith,Liên quan
has a declining preference for,Etiology_AssociatedWith,Liên quan
has a depressant action on,Etiology_AssociatedWith,Liên quan
has a diagnostic hallmark of,Etiology_AssociatedWith,Liên quan
has a different structure than,Etiology_AssociatedWith,Liên quan
has a distinct geographic distribution in,Epidemiology_Geography,Theo khu vực
has a distribution half life of,PK_DistributionProteinBinding,Phân bố & gắn
has a duration of action that is,Temporal_DurationResolution,Thời gian / hồi phục
has a familial tendency,Etiology_AssociatedWith,Liên quan
has a genetic etiology,Etiology_AssociatedWith,Liên quan
has a half life in alcoholic liver disease patients of,PK_DistributionProteinBinding,Phân bố & gắn
has a half life in moderate renal impairment of,PK_ExcretionClearance,Thải trừ
has a half life of,PK_DistributionProteinBinding,Phân bố & gắn
has a half life of approximately,PK_DistributionProteinBinding,Phân bố & gắn
has a half life of elimination of,PK_ExcretionClearance,Thải trừ
has a half life ranging from,PK_DistributionProteinBinding,Phân bố & gắn
has a hallmark feature of,Clinical_SymptomSign,Triệu chứng
has a high affinity for,MoA_BindingAffinity,Gắn kết
has a high degree of,Etiology_AssociatedWith,Liên quan
has a high incidence in,Epidemiology_PrevalenceIncidence,Tần suất mắc
has a high level of,Etiology_AssociatedWith,Liên quan
has a high penetrance with nearly half experiencing,Genetics_InheritanceCarrier,Di truyền
has a high potential for,Etiology_AssociatedWith,Liên quan
has a high risk of,Etiology_AssociatedWith,Liên quan
has a high risk of developing,Etiology_AssociatedWith,Liên quan
has a high selectivity for,Etiology_AssociatedWith,Liên quan
has a higher incidence among,Epidemiology_PrevalenceIncidence,Tần suất mắc
has a higher incidence in,Epidemiology_PrevalenceIncidence,Tần suất mắc
has a higher prevalence among,Epidemiology_PrevalenceIncidence,Tần suất mắc
has a higher prevalence in,Epidemiology_Demographics,Hay gặp ở nhóm
has a higher prevalence rate in,Epidemiology_PrevalenceIncidence,Tần suất mắc
has a history of approval since,Etiology_AssociatedWith,Liên quan
has a history of use in,Etiology_AssociatedWith,Liên quan
has a known association with,Etiology_AssociatedWith,Liên quan
has a log p value of,Etiology_AssociatedWith,Liên quan
has a logp value of,Etiology_AssociatedWith,Liên quan
has a long duration of,Temporal_DurationResolution,Thời gian / hồi phục
has a long duration of action,Temporal_DurationResolution,Thời gian / hồi phục
has a long half life of,PK_DistributionProteinBinding,Phân bố & gắn
has a long history of use dating back to,Etiology_AssociatedWith,Liên quan
has a long terminal elimination half life,PK_ExcretionClearance,Thải trừ
has a longer duration of action than,Temporal_DurationResolution,Thời gian / hồi phục
has a longer half life in,PK_DistributionProteinBinding,Phân bố & gắn
has a longer half life than,PK_DistributionProteinBinding,Phân bố & gắn
has a low potential for inducing,Etiology_AssociatedWith,Liên quan
has a low protein binding rate of,MoA_BindingAffinity,Gắn kết
has a maximal effect after,Etiology_AssociatedWith,Liên quan
has a mean age of,Etiology_AssociatedWith,Liên quan
has a mean age of onset at,Temporal_OnsetAge,Tuổi khởi phát
has a mean duration of illness of,Temporal_DurationResolution,Thời gian / hồi phục
has a mean plasma half life of,PK_DistributionProteinBinding,Phân bố & gắn
has a mean terminal half life of,PK_DistributionProteinBinding,Phân bố & gắn
has a mechanism of action different from,Etiology_AssociatedWith,Liên quan
has a mechanism of action involving,Etiology_AssociatedWith,Liên quan
has a mechanism of action that,Etiology_AssociatedWith,Liên quan
has a median age of onset,Temporal_OnsetAge,Tuổi khởi phát
has a median half life of,PK_DistributionProteinBinding,Phân bố & gắn
has a median plasma half disappearance time of,Etiology_AssociatedWith,Liên quan
has a moderate duration of,Temporal_DurationResolution,Thời gian / hồi phục
has a molecular formula of,Etiology_AssociatedWith,Liên quan
has a molecular weight of,Etiology_AssociatedWith,Liên quan
has a narrow therapeutic index,Etiology_AssociatedWith,Liên quan
has a neutral effect on,Etiology_AssociatedWith,Liên quan
has a peak spectral absorption at,Diagnosis_ImagingFinding,Hình ảnh
has a physical state of,Etiology_AssociatedWith,Liên quan
has a plasma elimination half life of,PK_ExcretionClearance,Thải trừ
has a plasma half life of,PK_DistributionProteinBinding,Phân bố & gắn
has a positive impact on,Etiology_AssociatedWith,Liên quan
has a possible,Etiology_AssociatedWith,Liên quan
has a predilection against,Etiology_AssociatedWith,Liên quan
has a predilection for,Etiology_AssociatedWith,Liên quan
has a predisposition to,Etiology_AssociatedWith,Liên quan
has a predominance of,Etiology_AssociatedWith,Liên quan
has a preference for,Etiology_AssociatedWith,Liên quan
has a prenatal form presenting before,Etiology_AssociatedWith,Liên quan
has a prevalence of,Epidemiology_PrevalenceIncidence,Tần suất mắc
has a prevalence that is,Epidemiology_PrevalenceIncidence,Tần suất mắc
has a prognosis of,Etiology_AssociatedWith,Liên quan
has a prognosis that is,Etiology_AssociatedWith,Liên quan
has a protein binding of,MoA_BindingAffinity,Gắn kết
has a protein binding percentage of,Diagnosis_LabFinding,Xét nghiệm
has a protein binding rate of,MoA_BindingAffinity,Gắn kết
has a range of,Etiology_AssociatedWith,Liên quan
has a rapid onset of action typically within,Anatomy_SpatialRelation,Vị trí tương đối
has a rare form,Epidemiology_PrevalenceIncidence,Tần suất mắc
has a reduced propensity for,Etiology_AssociatedWith,Liên quan
has a reduced side effect profile when taken,Safety_AdverseEffect,Tác dụng phụ
has a reference link,Etiology_AssociatedWith,Liên quan
has a reported half life of,PK_DistributionProteinBinding,Phân bố & gắn
has a reported prevalence of,Epidemiology_PrevalenceIncidence,Tần suất mắc
has a risk of,Etiology_AssociatedWith,Liên quan
has a role in,Etiology_AssociatedWith,Liên quan
has a safety profile of,Etiology_AssociatedWith,Liên quan
has a safety profile similar to,Etiology_AssociatedWith,Liên quan
has a sedative effect in,Etiology_AssociatedWith,Liên quan
has a serum half life of,PK_DistributionProteinBinding,Phân bố & gắn
has a short,Etiology_AssociatedWith,Liên quan
has a short half life of,PK_DistributionProteinBinding,Phân bố & gắn
has a short term effect of,Etiology_AssociatedWith,Liên quan
has a shorter half life compared to,PK_DistributionProteinBinding,Phân bố & gắn
has a similar duration effect to,Temporal_DurationResolution,Thời gian / hồi phục
has a similar structure to,Etiology_AssociatedWith,Liên quan
has a slight predilection for,Etiology_AssociatedWith,Liên quan
has a slight predominance in,Etiology_AssociatedWith,Liên quan
has a slight predominance of,Etiology_AssociatedWith,Liên quan
has a slightly higher prevalence among,Epidemiology_PrevalenceIncidence,Tần suất mắc
has a slow onset of,Temporal_OnsetAge,Tuổi khởi phát
has a slower dissolution rate than,Etiology_AssociatedWith,Liên quan
has a solid,Etiology_AssociatedWith,Liên quan
has a specificity for,Etiology_AssociatedWith,Liên quan
has a spectrum ranging from,Etiology_AssociatedWith,Liên quan
has a stretched penile length of,Etiology_AssociatedWith,Liên quan
has a suspected higher risk of,Etiology_RiskFactor,Yếu tố nguy cơ
has a temporary rise in,Etiology_AssociatedWith,Liên quan
has a terminal elimination half life of,PK_ExcretionClearance,Thải trừ
has a terminal half life of,PK_DistributionProteinBinding,Phân bố & gắn
has a therapeutic index of,Etiology_AssociatedWith,Liên quan
has a therapeutic index that is,Etiology_AssociatedWith,Liên quan
has a topological polar surface area of,Etiology_AssociatedWith,Liên quan
has a tpsa of,Etiology_AssociatedWith,Liên quan
has a unique,Etiology_AssociatedWith,Liên quan
has a unique mechanism of action in,Etiology_AssociatedWith,Liên quan
has a variable,Etiology_AssociatedWith,Liên quan
has a variety of,Etiology_AssociatedWith,Liên quan
has a volume of distribution of,PK_DistributionProteinBinding,Phân bố & gắn
has a weak inhibition rate of,Etiology_AssociatedWith,Liên quan
has a weak propensity for causing,Etiology_AssociatedWith,Liên quan
has a well established,Etiology_AssociatedWith,Liên quan
has a wide functional profile including,Etiology_AssociatedWith,Liên quan
has a wide spectrum of,Etiology_AssociatedWith,Liên quan
has a wide therapeutic window,Etiology_AssociatedWith,Liên quan
has absence of,Etiology_AssociatedWith,Liên quan
has action against,Etiology_AssociatedWith,Liên quan
has actions,Etiology_AssociatedWith,Liên quan
has actions similar to,Etiology_AssociatedWith,Liên quan
has activities,Etiology_AssociatedWith,Liên quan
has activity against,Etiology_AssociatedWith,Liên quan
has activity as,Etiology_AssociatedWith,Liên quan
has activity in,Etiology_AssociatedWith,Liên quan
has additional features such as,Etiology_AssociatedWith,Liên quan
has advantages over,Etiology_AssociatedWith,Liên quan
has adverse effects including,Safety_AdverseEffect,Tác dụng phụ
has adverse effects related to,Safety_AdverseEffect,Tác dụng phụ
has adverse effects such as,Safety_AdverseEffect,Tác dụng phụ
has affected families from,Etiology_AssociatedWith,Liên quan
has affinity for,MoA_BindingAffinity,Gắn kết
has an,Etiology_AssociatedWith,Liên quan
has an active metabolite with a half life of,PK_DistributionProteinBinding,Phân bố & gắn
has an affinity for,MoA_BindingAffinity,Gắn kết
has an age of onset in,Temporal_OnsetAge,Tuổi khởi phát
has an age of onset ranging from,Temporal_OnsetAge,Tuổi khởi phát
has an antitumor effect against,Etiology_AssociatedWith,Liên quan
has an apparent half life of,PK_DistributionProteinBinding,Phân bố & gắn
has an apparent terminal half life of,PK_DistributionProteinBinding,Phân bố & gắn
has an approval status of,Regulatory_Status,Trạng thái phê duyệt
has an approval status that is,Regulatory_Status,Trạng thái phê duyệt
has an approximate half life of,PK_DistributionProteinBinding,Phân bố & gắn
has an effect by blocking,Etiology_AssociatedWith,Liên quan
has an effect on,Etiology_AssociatedWith,Liên quan
has an elimination half life of,PK_ExcretionClearance,Thải trừ
has an estimated protein binding of,MoA_BindingAffinity,Gắn kết
has an incidence of,Epidemiology_PrevalenceIncidence,Tần suất mắc
has an incidence rate of,Epidemiology_PrevalenceIncidence,Tần suất mắc
has an increased risk of developing,Etiology_AssociatedWith,Liên quan
has an infantile form marked by,Clinical_SymptomSign,Triệu chứng
has an inhibitory constant of,Etiology_AssociatedWith,Liên quan
has an onset of action of,Temporal_OnsetAge,Tuổi khởi phát
has androgenic potency of,Etiology_AssociatedWith,Liên quan
has anti inflammatory,Etiology_AssociatedWith,Liên quan
has anti inflammatory and analgesic,Etiology_AssociatedWith,Liên quan
has anti inflammatory properties,Etiology_AssociatedWith,Liên quan
has anti inflammatory properties for,Etiology_AssociatedWith,Liên quan
has antiaggressive properties,Etiology_AssociatedWith,Liên quan
has antiandrogen effects,Etiology_AssociatedWith,Liên quan
has antibacterial activity against,Etiology_AssociatedWith,Liên quan
has anticancer properties against,Etiology_AssociatedWith,Liên quan
has anticarcinogenic activity correlated with,Etiology_AssociatedWith,Liên quan
has antimicrobial activity against,Etiology_AssociatedWith,Liên quan
has antimicrobial properties against,Etiology_AssociatedWith,Liên quan
has antimitotic and cytotoxic activity through,Etiology_AssociatedWith,Liên quan
has antioxidant activity,Etiology_AssociatedWith,Liên quan
has antioxidant properties,Etiology_AssociatedWith,Liên quan
has antioxidant properties against,Etiology_AssociatedWith,Liên quan
has anxiolytic effects,Etiology_AssociatedWith,Liên quan
has appearance of,Etiology_AssociatedWith,Liên quan
has applications in,Etiology_AssociatedWith,Liên quan
has approval status,Regulatory_Status,Trạng thái phê duyệt
has approval status of,Regulatory_Status,Trạng thái phê duyệt
has associated findings,Etiology_AssociatedWith,Liên quan
has atomic weight,Etiology_AssociatedWith,Liên quan
has auricle size variation ranging from,Etiology_AssociatedWith,Liên quan
has average onset at,Temporal_OnsetAge,Tuổi khởi phát
has average recorded prevalence in,Epidemiology_PrevalenceIncidence,Tần suất mắc
has been,Etiology_AssociatedWith,Liên quan
has been approved by,Regulatory_Status,Trạng thái phê duyệt
has been approved for,Regulatory_Status,Trạng thái phê duyệt
has been approved for medical use since,Regulatory_Status,Trạng thái phê duyệt
has been approved for use in,Regulatory_Status,Trạng thái phê duyệt
has been approved for use in conjunction with,Regulatory_Status,Trạng thái phê duyệt
has been approved for use in the treatment of,Regulatory_Status,Trạng thái phê duyệt
has been approved for use since,Regulatory_Status,Trạng thái phê duyệt
has been approved in,Regulatory_Status,Trạng thái phê duyệt
has been approved since,Regulatory_Status,Trạng thái phê duyệt
has been associated with,Etiology_AssociatedWith,Liên quan
has been attempted in,Etiology_AssociatedWith,Liên quan
has been available in,Etiology_AssociatedWith,Liên quan
has been available since,Etiology_AssociatedWith,Liên quan
has been beneficial for,Etiology_AssociatedWith,Liên quan
has been ceased due to,Etiology_CausedBy,Do nguyên nhân
has been characterized through,Etiology_AssociatedWith,Liên quan
has been classified under,Etiology_AssociatedWith,Liên quan
has been commercially available since,Etiology_AssociatedWith,Liên quan
has been described in,Etiology_AssociatedWith,Liên quan
has been described in families from,Etiology_AssociatedWith,Liên quan
has been described since,Etiology_AssociatedWith,Liên quan
has been discontinued from,Etiology_AssociatedWith,Liên quan
has been documented in,Etiology_AssociatedWith,Liên quan
has been documented since,Etiology_AssociatedWith,Liên quan
has been employed to,Etiology_AssociatedWith,Liên quan
has been identified in,Etiology_AssociatedWith,Liên quan
has been implicated in,Etiology_AssociatedWith,Liên quan
has been investigated as,Etiology_AssociatedWith,Liên quan
has been investigated as a,Etiology_AssociatedWith,Liên quan
has been investigated for,Etiology_AssociatedWith,Liên quan
has been investigated in,Etiology_AssociatedWith,Liên quan
has been linked to,Etiology_AssociatedWith,Liên quan
has been listed as,Etiology_AssociatedWith,Liên quan
has been observed in,Etiology_AssociatedWith,Liên quan
has been replaced by,Etiology_AssociatedWith,Liên quan
has been reported,Etiology_AssociatedWith,Liên quan
has been reported across,Etiology_AssociatedWith,Liên quan
has been reported among,Epidemiology_PrevalenceIncidence,Tần suất mắc
has been reported in,Epidemiology_PrevalenceIncidence,Tần suất mắc
has been reported only in,Etiology_AssociatedWith,Liên quan
has been reported primarily in,Epidemiology_Geography,Theo khu vực
has been shown to be,Etiology_AssociatedWith,Liên quan
has been shown to improve,Etiology_AssociatedWith,Liên quan
has been shown to slow,Etiology_AssociatedWith,Liên quan
has been studied as,Etiology_AssociatedWith,Liên quan
has been used clinically with,Etiology_AssociatedWith,Liên quan
has been used for,Treatment_IndicationUse,Điều trị / chỉ định
has been used in the treatment of,Treatment_IndicationUse,Điều trị / chỉ định
has been used since,Etiology_AssociatedWith,Liên quan
has been used to mitigate,Treatment_IndicationUse,Điều trị / chỉ định
has been used to treat,Treatment_IndicationUse,Điều trị / chỉ định
has been utilized in,Etiology_AssociatedWith,Liên quan
has beneficial effects in,Etiology_AssociatedWith,Liên quan
has both,Etiology_AssociatedWith,Liên quan
has brand name,Alias_Name,Tên khác
has carriers who are,Etiology_AssociatedWith,Liên quan
has cases documented from,Etiology_AssociatedWith,Liên quan
has cases reported in,Epidemiology_PrevalenceIncidence,Tần suất mắc
has causative mutations mapped to,Genetics_Mutation,Đột biến
has causes including,Etiology_AssociatedWith,Liên quan
has causes that are,Etiology_AssociatedWith,Liên quan
has characteristic feature of,Etiology_AssociatedWith,Liên quan
has characteristic imaging features including,Diagnosis_ImagingFinding,Hình ảnh
has characteristic presence of,Etiology_AssociatedWith,Liên quan
has chemical formula,Etiology_AssociatedWith,Liên quan
has clinical features including,Clinical_SymptomSign,Triệu chứng
has clinical indication for,Treatment_IndicationUse,Điều trị / chỉ định
has clinical indications for,Treatment_IndicationUse,Điều trị / chỉ định
has clinical indications including,Treatment_IndicationUse,Điều trị / chỉ định
has clinical presentation that is,Etiology_AssociatedWith,Liên quan
has clinical signs including,Clinical_SymptomSign,Triệu chứng
has clinical variants including,Etiology_AssociatedWith,Liên quan
has clogp of,Etiology_AssociatedWith,Liên quan
has common adverse effects including,Safety_AdverseEffect,Tác dụng phụ
has common adverse effects of,Safety_AdverseEffect,Tác dụng phụ
has common features including,Etiology_AssociatedWith,Liên quan
has common side effects including,Safety_AdverseEffect,Tác dụng phụ
has comorbidities including,Etiology_AssociatedWith,Liên quan
has complications including,Etiology_AssociatedWith,Liên quan
has complications such as,Etiology_AssociatedWith,Liên quan
has controversial use due to,Etiology_CausedBy,Do nguyên nhân
has cytotoxic effects on,Etiology_AssociatedWith,Liên quan
has demonstrated,Etiology_AssociatedWith,Liên quan
has demonstrated promise in,Etiology_AssociatedWith,Liên quan
has different loci for,Genetics_Mutation,Đột biến
has distinct features seen in,Etiology_AssociatedWith,Liên quan
has diverse applications in,Etiology_AssociatedWith,Liên quan
has documented tumors including,Etiology_AssociatedWith,Liên quan
has dose limiting toxic effects such as,Safety_AdverseEffect,Tác dụng phụ
has downstream targets,Etiology_AssociatedWith,Liên quan
has drug interactions with,DrugInteraction,Tương tác thuốc
has dual action in,Etiology_AssociatedWith,Liên quan
has effect on,Etiology_AssociatedWith,Liên quan
has effects including,Etiology_AssociatedWith,Liên quan
has effects of,Etiology_AssociatedWith,Liên quan
has effects on,Etiology_AssociatedWith,Liên quan
has elevated levels in,Diagnosis_LabFinding,Xét nghiệm
has elevated levels of,Diagnosis_LabFinding,Xét nghiệm
has established efficacy and safety through,Etiology_AssociatedWith,Liên quan
has established safety and efficacy through,Etiology_AssociatedWith,Liên quan
has experimental approval status indicating,Regulatory_Status,Trạng thái phê duyệt
has experimental uses under,Etiology_AssociatedWith,Liên quan
has favorable effects on,Etiology_AssociatedWith,Liên quan
has features including,Etiology_AssociatedWith,Liên quan
has features such as,Etiology_AssociatedWith,Liên quan
has findings such as,Etiology_AssociatedWith,Liên quan
has forms,Etiology_AssociatedWith,Liên quan
has functional characteristics comparable to,Etiology_AssociatedWith,Liên quan
has gained attention due to,Etiology_CausedBy,Do nguyên nhân
has gastrointestinal manifestations like,Clinical_ManifestationPresentation,Biểu hiện
has genotoxicity concerns,Safety_WarningCaution,Cảnh báo
has half life of,PK_DistributionProteinBinding,Phân bố & gắn
has half life ranging between,PK_DistributionProteinBinding,Phân bố & gắn
has half life studied in,PK_DistributionProteinBinding,Phân bố & gắn
has hallmark feature,Clinical_SymptomSign,Triệu chứng
has hallmark feature of,Clinical_SymptomSign,Triệu chứng
has hallmark features including,Clinical_SymptomSign,Triệu chứng
has hallmark features of,Clinical_SymptomSign,Triệu chứng
has hallmark of,Etiology_AssociatedWith,Liên quan
has held,Etiology_AssociatedWith,Liên quan
has high,Etiology_AssociatedWith,Liên quan
has high affinity for,MoA_BindingAffinity,Gắn kết
has high binding affinity for,MoA_BindingAffinity,Gắn kết
has high protein binding mainly to,MoA_BindingAffinity,Gắn kết
has high protein binding with,MoA_BindingAffinity,Gắn kết
has higher affinity for,MoA_BindingAffinity,Gắn kết
has higher affinity than,MoA_BindingAffinity,Gắn kết
has higher incidence among,Epidemiology_PrevalenceIncidence,Tần suất mắc
has higher incidence in,Epidemiology_PrevalenceIncidence,Tần suất mắc
has higher potency than,Etiology_AssociatedWith,Liên quan
has higher prevalence among,Epidemiology_PrevalenceIncidence,Tần suất mắc
has higher rates in,Epidemiology_PrevalenceIncidence,Tần suất mắc
has highest activities in,Etiology_AssociatedWith,Liên quan
has highest concentration in,Diagnosis_LabFinding,Xét nghiệm
has highest risk in,Etiology_AssociatedWith,Liên quan
has homozygous forms occurring at a frequency of,Etiology_AssociatedWith,Liên quan
has illicit and investigational uses,Regulatory_Status,Trạng thái phê duyệt
has immunomodulatory actions due to,Etiology_CausedBy,Do nguyên nhân
has immunomodulatory effects,Etiology_AssociatedWith,Liên quan
has implications for treating,Etiology_AssociatedWith,Liên quan
has improved tolerability compared to,Etiology_AssociatedWith,Liên quan
has increased excretion of,PK_ExcretionClearance,Thải trừ
has increased risk of,Etiology_AssociatedWith,Liên quan
has inheritance patterns of,Etiology_AssociatedWith,Liên quan
has investigational approval status in,Regulatory_Status,Trạng thái phê duyệt
has investigational uses for,Regulatory_Status,Trạng thái phê duyệt
has karyotype,Etiology_AssociatedWith,Liên quan
has led to,Etiology_AssociatedWith,Liên quan
has less effects than,Etiology_AssociatedWith,Liên quan
has less side effects than,Safety_AdverseEffect,Tác dụng phụ
has limited,Etiology_AssociatedWith,Liên quan
has limited cases reported in,Epidemiology_PrevalenceIncidence,Tần suất mắc
has limited understanding since,Etiology_AssociatedWith,Liên quan
has literature since,Etiology_AssociatedWith,Liên quan
has little effect on,Etiology_AssociatedWith,Liên quan
has little or no affinity for,MoA_BindingAffinity,Gắn kết
has little to no affinity for,MoA_BindingAffinity,Gắn kết
has location,Etiology_AssociatedWith,Liên quan
has log p value,Etiology_AssociatedWith,Liên quan
has log p value of,Etiology_AssociatedWith,Liên quan
has low,Etiology_AssociatedWith,Liên quan
has low affinity for,MoA_BindingAffinity,Gắn kết
has low protein binding rate,MoA_BindingAffinity,Gắn kết
has low stability with,Etiology_AssociatedWith,Liên quan
has lower clinical cure rates compared to,Etiology_AssociatedWith,Liên quan
has lower incidence in,Epidemiology_PrevalenceIncidence,Tần suất mắc
has lower levels in,Etiology_AssociatedWith,Liên quan
has major genes,Genetics_GeneEncodes,Gen mã hóa
has management options including,Treatment_ManagementCare,Theo dõi / chăm sóc
has manifestations including,Clinical_ManifestationPresentation,Biểu hiện
has manifestations such as,Clinical_ManifestationPresentation,Biểu hiện
has mapped causative locus to,Etiology_AssociatedWith,Liên quan
has material basis in,Etiology_AssociatedWith,Liên quan
has mean age at diagnosis ranging from,Diagnosis_DiagnosticMethod,Cách chẩn đoán
has milder expression in,Etiology_AssociatedWith,Liên quan
has mim number,Etiology_AssociatedWith,Liên quan
has minimal effects on,Etiology_AssociatedWith,Liên quan
has minimal impact on,Etiology_AssociatedWith,Liên quan
has modest affinity for,MoA_BindingAffinity,Gắn kết
has molar ratio of,Etiology_AssociatedWith,Liên quan
has molecular formula,Etiology_AssociatedWith,Liên quan
has molecular properties including,Etiology_AssociatedWith,Liên quan
has molecular weight of,Etiology_AssociatedWith,Liên quan
has mondo id,Etiology_AssociatedWith,Liên quan
has mutagenic properties,Etiology_AssociatedWith,Liên quan
has mutations in,Genetics_Mutation,Đột biến
has negligible protein binding for,MoA_BindingAffinity,Gắn kết
has no,Etiology_AssociatedWith,Liên quan
has no additional reports since,Etiology_AssociatedWith,Liên quan
has no curative therapy,Treatment_IndicationUse,Điều trị / chỉ định
has no cure,Etiology_AssociatedWith,Liên quan
has no cure but,Etiology_AssociatedWith,Liên quan
has no cure but can be managed with,Treatment_ManagementCare,Theo dõi / chăm sóc
has no cure but has,Etiology_AssociatedWith,Liên quan
has no cure but involves,Etiology_AssociatedWith,Liên quan
has no cure but treatment options include,Treatment_IndicationUse,Điều trị / chỉ định
has no definitive treatment,Treatment_IndicationUse,Điều trị / chỉ định
has no effect on,Etiology_AssociatedWith,Liên quan
has no effective treatment,Treatment_IndicationUse,Điều trị / chỉ định
has no established treatment for,Treatment_IndicationUse,Điều trị / chỉ định
has no further reports since,Etiology_AssociatedWith,Liên quan
has no known predilection for,Etiology_AssociatedWith,Liên quan
has no new literature descriptions since,Etiology_AssociatedWith,Liên quan
has no reported cases since,Etiology_AssociatedWith,Liên quan
has no reported descriptions since,Etiology_AssociatedWith,Liên quan
has no specific cure,Etiology_AssociatedWith,Liên quan
has no treatment available,Treatment_IndicationUse,Điều trị / chỉ định
has normal or high,Etiology_AssociatedWith,Liên quan
has normal secretion of,Etiology_AssociatedWith,Liên quan
has not been described since,Etiology_AssociatedWith,Liên quan
has not been established for,Etiology_AssociatedWith,Liên quan
has not been reported since,Etiology_AssociatedWith,Liên quan
has not received,Etiology_AssociatedWith,Liên quan
has not received scheduling action by,Etiology_AssociatedWith,Liên quan
has off label uses for,Etiology_AssociatedWith,Liên quan
has onset in,Temporal_OnsetAge,Tuổi khởi phát
has peak activity at,Etiology_AssociatedWith,Liên quan
has penetrance of,Genetics_InheritanceCarrier,Di truyền
has perceived safety concerns,Safety_WarningCaution,Cảnh báo
has pharmacodynamic effects for,Etiology_AssociatedWith,Liên quan
has pharmacodynamic effects on,Etiology_AssociatedWith,Liên quan
has pharmacokinetics dependent on,Etiology_AssociatedWith,Liên quan
has pharmacokinetics that are,Etiology_AssociatedWith,Liên quan
has pharmacologic actions similar to,Etiology_AssociatedWith,Liên quan
has pharmacological properties including,Etiology_AssociatedWith,Liên quan
has phenotypic features reminiscent of,Etiology_AssociatedWith,Liên quan
has physical state,Etiology_AssociatedWith,Liên quan
has plasma protein binding averaging,PK_DistributionProteinBinding,Phân bố & gắn
has possible explanations including,Etiology_AssociatedWith,Liên quan
has potency compared to,Etiology_AssociatedWith,Liên quan
has potency of,Etiology_AssociatedWith,Liên quan
has potential,Etiology_AssociatedWith,Liên quan
has potential activity for,Etiology_AssociatedWith,Liên quan
has potential applications in,Etiology_AssociatedWith,Liên quan
has potential as,Etiology_AssociatedWith,Liên quan
has potential benefits but remains,Etiology_AssociatedWith,Liên quan
has potential for,Etiology_AssociatedWith,Liên quan
has potential in treating,Etiology_AssociatedWith,Liên quan
has potential risk factors including,Etiology_AssociatedWith,Liên quan
has potential side effects including,Safety_AdverseEffect,Tác dụng phụ
has potential side effects of,Safety_AdverseEffect,Tác dụng phụ
has potential therapeutic applications for,Etiology_AssociatedWith,Liên quan
has potential therapeutic benefits for,Etiology_AssociatedWith,Liên quan
has potential therapeutic uses for,Etiology_AssociatedWith,Liên quan
has potential to treat,Treatment_IndicationUse,Điều trị / chỉ định
has potential triggers including,Etiology_AssociatedWith,Liên quan
has potential use in,Etiology_AssociatedWith,Liên quan
has potential uses from,Etiology_AssociatedWith,Liên quan
has prevalence in,Epidemiology_PrevalenceIncidence,Tần suất mắc
has prevalence of,Epidemiology_PrevalenceIncidence,Tần suất mắc
has prevalence rates highest among,Epidemiology_PrevalenceIncidence,Tần suất mắc
has primary biological roles,Etiology_AssociatedWith,Liên quan
has primary effects in,Etiology_AssociatedWith,Liên quan
has primary facial feature,Etiology_AssociatedWith,Liên quan
has primary symptom of,Clinical_SymptomSign,Triệu chứng
has primary symptoms including,Clinical_SymptomSign,Triệu chứng
has properties including,Etiology_AssociatedWith,Liên quan
has properties of,Etiology_AssociatedWith,Liên quan
has properties similar to,Etiology_AssociatedWith,Liên quan
has protective effects against,Etiology_AssociatedWith,Liên quan
has protective effects on,Etiology_AssociatedWith,Liên quan
has protein binding of,MoA_BindingAffinity,Gắn kết
has psychoactive properties mediated by,Etiology_AssociatedWith,Liên quan
has rapid progression from,Etiology_AssociatedWith,Liên quan
has rare but serious adverse effects of,Safety_AdverseEffect,Tác dụng phụ
has reported,Etiology_AssociatedWith,Liên quan
has reported cases of,Epidemiology_PrevalenceIncidence,Tần suất mắc
has reports dating back to,Etiology_AssociatedWith,Liên quan
has resting value of,Etiology_AssociatedWith,Liên quan
has risk factors including,Etiology_AssociatedWith,Liên quan
has selectivity for,Etiology_AssociatedWith,Liên quan
has serum binding protein of,Diagnosis_LabFinding,Xét nghiệm
has shown,Etiology_AssociatedWith,Liên quan
has shown efficacy against,Etiology_AssociatedWith,Liên quan
has shown efficacy in,Etiology_AssociatedWith,Liên quan
has shown efficacy in treating,Etiology_AssociatedWith,Liên quan
has shown potential benefits in treating,Etiology_AssociatedWith,Liên quan
has shown promise as,Etiology_AssociatedWith,Liên quan
has shown promise in,Etiology_AssociatedWith,Liên quan
has shown promise in treating,Etiology_AssociatedWith,Liên quan
has shown significant,Etiology_AssociatedWith,Liên quan
has side effects including,Safety_AdverseEffect,Tác dụng phụ
has significant,Etiology_AssociatedWith,Liên quan
has significant clinical variation in,Etiology_AssociatedWith,Liên quan
has significant protein binding mostly to,MoA_BindingAffinity,Gắn kết
has similar activity to,Etiology_AssociatedWith,Liên quan
has similar affinities as,Etiology_AssociatedWith,Liên quan
has slight activity against,Etiology_AssociatedWith,Liên quan
has specific receptors in,Etiology_AssociatedWith,Liên quan
has structure of,Etiology_AssociatedWith,Liên quan
has subtypes including,Etiology_AssociatedWith,Liên quan
has subvariants including,Etiology_AssociatedWith,Liên quan
has symptoms including,Clinical_SymptomSign,Triệu chứng
has symptoms of,Clinical_SymptomSign,Triệu chứng
has symptoms onset between,Clinical_SymptomSign,Triệu chứng
has symptoms such as,Clinical_SymptomSign,Triệu chứng
has symptoms that include,Clinical_SymptomSign,Triệu chứng
has the chemical formula,Etiology_AssociatedWith,Liên quan
has therapeutic applications in,Etiology_AssociatedWith,Liên quan
has thromboembolic complications in,Etiology_AssociatedWith,Liên quan
has topological polar surface area of,Etiology_AssociatedWith,Liên quan
has tpsa of,Etiology_AssociatedWith,Liên quan
has trade names,Etiology_AssociatedWith,Liên quan
has treatment approaches including,Treatment_IndicationUse,Điều trị / chỉ định
has treatment options including,Treatment_IndicationUse,Điều trị / chỉ định
has unclear,Etiology_AssociatedWith,Liên quan
has unclear etiology,Etiology_AssociatedWith,Liên quan
has unknown,Etiology_AssociatedWith,Liên quan
has unknown etiology,Etiology_AssociatedWith,Liên quan
has variable clinical manifestations including,Clinical_ManifestationPresentation,Biểu hiện
has varying degrees of,Etiology_AssociatedWith,Liên quan
has varying modes of inheritance,Etiology_AssociatedWith,Liên quan
has volume,Etiology_AssociatedWith,Liên quan
has worse activity against,Etiology_AssociatedWith,Liên quan
have,Etiology_AssociatedWith,Liên quan
have a normal,Etiology_AssociatedWith,Liên quan
have a predilection for,Etiology_AssociatedWith,Liên quan
have a slight predominance in,Etiology_AssociatedWith,Liên quan
have an increased prevalence of,Epidemiology_PrevalenceIncidence,Tần suất mắc
have an increased risk of,Etiology_AssociatedWith,Liên quan
have average birth weights around,Etiology_AssociatedWith,Liên quan
have been,Etiology_AssociatedWith,Liên quan
have been associated with,Etiology_AssociatedWith,Liên quan
have been documented in,Etiology_AssociatedWith,Liên quan
have been linked to an increased incidence of,Etiology_AssociatedWith,Liên quan
have been proposed as,Etiology_AssociatedWith,Liên quan
have been published for,Etiology_AssociatedWith,Liên quan
have been reported,Etiology_AssociatedWith,Liên quan
have been reported to be,Etiology_AssociatedWith,Liên quan
have been used in,Etiology_AssociatedWith,Liên quan
have been utilized in,Etiology_AssociatedWith,Liên quan
have higher incidence in,Epidemiology_PrevalenceIncidence,Tần suất mắc
have improved,Etiology_AssociatedWith,Liên quan
have increased risk for,Etiology_AssociatedWith,Liên quan
heals with,Etiology_AssociatedWith,Liên quan
help,Etiology_AssociatedWith,Liên quan
help identify,Etiology_AssociatedWith,Liên quan
help regulate,Etiology_AssociatedWith,Liên quan
help stabilize,Etiology_AssociatedWith,Liên quan
help to alkalinize,Etiology_AssociatedWith,Liên quan
help to correct,Etiology_AssociatedWith,Liên quan
helps,Etiology_AssociatedWith,Liên quan
helps alleviate,Etiology_AssociatedWith,Liên quan
helps control,Etiology_AssociatedWith,Liên quan
helps generate,Etiology_AssociatedWith,Liên quan
helps improve,Etiology_AssociatedWith,Liên quan
helps in maintaining,Etiology_AssociatedWith,Liên quan
helps maintain,Etiology_AssociatedWith,Liên quan
helps manage,Treatment_ManagementCare,Theo dõi / chăm sóc
helps prevent,Prevention_Prophylaxis,Phòng ngừa
helps regulate,Etiology_AssociatedWith,Liên quan
helps restore,Etiology_AssociatedWith,Liên quan
helps to heal,Etiology_AssociatedWith,Liên quan
helps to prevent and treat,Treatment_IndicationUse,Điều trị / chỉ định
helps to regulate,Etiology_AssociatedWith,Liên quan
helps to restore,Etiology_AssociatedWith,Liên quan
helps to understand,Etiology_AssociatedWith,Liên quan
helps visualize,Etiology_AssociatedWith,Liên quan
highlights,Etiology_AssociatedWith,Liên quan
highlights the importance of,Etiology_AssociatedWith,Liên quan
highlights the need for,Etiology_AssociatedWith,Liên quan
houses,Anatomy_LocatedIn,Nằm ở
identified,Etiology_AssociatedWith,Liên quan
identified in,Etiology_AssociatedWith,Liên quan
identified mutations in,Genetics_Mutation,Đột biến
identifies,Etiology_AssociatedWith,Liên quan
if left untreated can lead to,Etiology_AssociatedWith,Liên quan
if untreated  can lead to,Etiology_AssociatedWith,Liên quan
impact,Etiology_AssociatedWith,Liên quan
impacts,Etiology_AssociatedWith,Liên quan
impairs,Etiology_AssociatedWith,Liên quan
impedes,Etiology_AssociatedWith,Liên quan
impinges upon,Etiology_AssociatedWith,Liên quan
implicated in,Etiology_AssociatedWith,Liên quan
implicates,Etiology_AssociatedWith,Liên quan
improve,Etiology_AssociatedWith,Liên quan
improve quality of life for,Etiology_AssociatedWith,Liên quan
improved the frequency and severity of,Etiology_AssociatedWith,Liên quan
improves,Etiology_AssociatedWith,Liên quan
improves symptoms of,Clinical_SymptomSign,Triệu chứng
improves with,Etiology_AssociatedWith,Liên quan
in,Etiology_AssociatedWith,Liên quan
inactivates,Etiology_AssociatedWith,Liên quan
include,Etiology_AssociatedWith,Liên quan
include ancestry from,Etiology_AssociatedWith,Liên quan
include avoiding,Etiology_AssociatedWith,Liên quan
include maintaining,Etiology_AssociatedWith,Liên quan
include symptoms of,Clinical_SymptomSign,Triệu chứng
includes,Taxonomy_PartOf,Thành phần của
includes associated features such as,Taxonomy_PartOf,Thành phần của
includes avoiding,Taxonomy_PartOf,Thành phần của
includes characteristic features of,Taxonomy_PartOf,Thành phần của
includes clinical features of,Clinical_SymptomSign,Triệu chứng
includes clinical features such as,Clinical_SymptomSign,Triệu chứng
includes clinical variants such as,Taxonomy_PartOf,Thành phần của
includes facial features such as,Taxonomy_PartOf,Thành phần của
includes features of,Taxonomy_PartOf,Thành phần của
includes features such as,Taxonomy_PartOf,Thành phần của
includes hallmark features of,Clinical_SymptomSign,Triệu chứng
includes infections caused by,Etiology_CausedBy,Do nguyên nhân
includes initial symptoms of,Clinical_ManifestationPresentation,Biểu hiện
includes manifestations such as,Clinical_ManifestationPresentation,Biểu hiện
includes medications like,Taxonomy_PartOf,Thành phần của
includes medications such as,Taxonomy_PartOf,Thành phần của
includes monitoring for,Treatment_ManagementCare,Theo dõi / chăm sóc
includes risk factors such as,Taxonomy_PartOf,Thành phần của
includes signs and symptoms of,Clinical_SymptomSign,Triệu chứng
includes signs and symptoms such as,Clinical_SymptomSign,Triệu chứng
includes signs of,Clinical_SymptomSign,Triệu chứng
includes signs such as,Clinical_SymptomSign,Triệu chứng
includes symptoms like,Clinical_SymptomSign,Triệu chứng
includes symptoms of,Clinical_SymptomSign,Triệu chứng
includes symptoms such as,Clinical_SymptomSign,Triệu chứng
includes treatment for,Treatment_IndicationUse,Điều trị / chỉ định
includes treatment of,Treatment_IndicationUse,Điều trị / chỉ định
includes types such as,Taxonomy_PartOf,Thành phần của
incorporates,Etiology_AssociatedWith,Liên quan
increase,MoA_ModulationOther,Điều hòa khác
increases,MoA_ModulationOther,Điều hòa khác
increases activity of,MoA_ActivationInduction,Kích hoạt
increases blood flow to,MoA_ModulationOther,Điều hòa khác
increases concentration at,Diagnosis_LabFinding,Xét nghiệm
increases concentration of,Diagnosis_LabFinding,Xét nghiệm
increases excretion of,PK_ExcretionClearance,Thải trừ
increases expression of,MoA_ActivationInduction,Kích hoạt
increases frequency and severity of,MoA_ModulationOther,Điều hòa khác
increases gi absorption of,PK_Absorption,Hấp thu
increases in,MoA_ModulationOther,Điều hòa khác
increases inhibition of,MoA_ModulationOther,Điều hòa khác
increases levels of,MoA_ActivationInduction,Kích hoạt
increases permeability of,MoA_ModulationOther,Điều hòa khác
increases production of,MoA_ModulationOther,Điều hòa khác
increases release of,MoA_ModulationOther,Điều hòa khác
increases risk for,MoA_ModulationOther,Điều hòa khác
increases risk of,MoA_ModulationOther,Điều hòa khác
increases secretion of,MoA_ModulationOther,Điều hòa khác
increases serum calcium concentrations by,Diagnosis_LabFinding,Xét nghiệm
increases susceptibility to,MoA_ModulationOther,Điều hòa khác
increases the activity of,MoA_ActivationInduction,Kích hoạt
increases the excretion of,PK_ExcretionClearance,Thải trừ
increases the expression of,MoA_ActivationInduction,Kích hoạt
increases the rate of insertion of,MoA_ModulationOther,Điều hòa khác
increases the release of,MoA_ModulationOther,Điều hòa khác
increases the risk for,MoA_ModulationOther,Điều hòa khác
increases the risk of,MoA_ModulationOther,Điều hòa khác
increases the slope of,MoA_ModulationOther,Điều hòa khác
increases the supply of,MoA_ModulationOther,Điều hòa khác
increases the viscosity of,MoA_ModulationOther,Điều hòa khác
increases water content in,MoA_ModulationOther,Điều hòa khác
indicate,Etiology_AssociatedWith,Liên quan
indicate that,Etiology_AssociatedWith,Liên quan
indicated for,Treatment_IndicationUse,Điều trị / chỉ định
indicated to treat,Treatment_IndicationUse,Điều trị / chỉ định
indicates,Etiology_AssociatedWith,Liên quan
indication,Treatment_IndicationUse,Điều trị / chỉ định
indication expanded to,Treatment_IndicationUse,Điều trị / chỉ định
indications expanded to include,Treatment_IndicationUse,Điều trị / chỉ định
induces,MoA_ActivationInduction,Kích hoạt
induces changes in,MoA_ActivationInduction,Kích hoạt
induces changes to,MoA_ActivationInduction,Kích hoạt
induces expression of,MoA_ActivationInduction,Kích hoạt
influences,Etiology_AssociatedWith,Liên quan
informs,Etiology_AssociatedWith,Liên quan
inhibit,MoA_InhibitionBlockade,Ức chế
inhibits,MoA_InhibitionBlockade,Ức chế
inhibits activation of,MoA_InhibitionBlockade,Ức chế
inhibits conversion of,MoA_InhibitionBlockade,Ức chế
inhibits formation of,MoA_InhibitionBlockade,Ức chế
inhibits metabolism via,MoA_InhibitionBlockade,Ức chế
inhibits phosphorylation of,MoA_InhibitionBlockade,Ức chế
inhibits production of,MoA_InhibitionBlockade,Ức chế
inhibits replication of,MoA_InhibitionBlockade,Ức chế
inhibits reuptake of,MoA_InhibitionBlockade,Ức chế
inhibits secretion of,MoA_InhibitionBlockade,Ức chế
inhibits synthesis of,MoA_InhibitionBlockade,Ức chế
inhibits the action of,MoA_InhibitionBlockade,Ức chế
inhibits the activity of,MoA_InhibitionBlockade,Ức chế
inhibits the conversion of,MoA_InhibitionBlockade,Ức chế
inhibits the effect of,MoA_InhibitionBlockade,Ức chế
inhibits the formation of,MoA_InhibitionBlockade,Ức chế
inhibits the growth of,MoA_InhibitionBlockade,Ức chế
inhibits the migration of,MoA_InhibitionBlockade,Ức chế
inhibits the phosphorylation of,MoA_InhibitionBlockade,Ức chế
inhibits the production of,MoA_InhibitionBlockade,Ức chế
inhibits the release of,MoA_InhibitionBlockade,Ức chế
inhibits the reuptake of,MoA_InhibitionBlockade,Ức chế
inhibits the secretion of,MoA_InhibitionBlockade,Ức chế
inhibits the synthesis of,MoA_InhibitionBlockade,Ức chế
inhibits the transformation of,MoA_InhibitionBlockade,Ức chế
initial manifestations involve,Clinical_ManifestationPresentation,Biểu hiện
initial report in,Etiology_AssociatedWith,Liên quan
initial symptoms involve,Clinical_ManifestationPresentation,Biểu hiện
initial symptoms may include,Clinical_ManifestationPresentation,Biểu hiện
initially affects,Etiology_AssociatedWith,Liên quan
initiates,Etiology_AssociatedWith,Liên quan
intake can decrease the risk of,MoA_ModulationOther,Điều hòa khác
interact with,DrugInteraction,Tương tác thuốc
interacts with,DrugInteraction,Tương tác thuốc
interfere with,MoA_ModulationOther,Điều hòa khác
interferes with,MoA_ModulationOther,Điều hòa khác
interrupts,Etiology_AssociatedWith,Liên quan
investigates,Etiology_AssociatedWith,Liên quan
involve,Etiology_AssociatedWith,Liên quan
involved in,Etiology_AssociatedWith,Liên quan
involved in the metabolism of,Etiology_AssociatedWith,Liên quan
involves,Etiology_AssociatedWith,Liên quan
involves a multidisciplinary approach including,Treatment_ManagementCare,Theo dõi / chăm sóc
involves addressing,Etiology_AssociatedWith,Liên quan
involves administering,Etiology_AssociatedWith,Liên quan
involves areas including,Etiology_AssociatedWith,Liên quan
involves areas such as,Etiology_AssociatedWith,Liên quan
involves assessment of,Etiology_AssociatedWith,Liên quan
involves binding to,MoA_BindingAffinity,Gắn kết
involves blocking,Etiology_AssociatedWith,Liên quan
involves care from,Etiology_AssociatedWith,Liên quan
involves careful monitoring for,Treatment_ManagementCare,Theo dõi / chăm sóc
involves competitive inhibition of,Etiology_AssociatedWith,Liên quan
involves decreasing,Etiology_AssociatedWith,Liên quan
involves deletion of,Etiology_AssociatedWith,Liên quan
involves disorganization of,Etiology_AssociatedWith,Liên quan
involves disruption of,Etiology_AssociatedWith,Liên quan
involves eating a diet rich in,Etiology_AssociatedWith,Liên quan
involves factors such as,Etiology_AssociatedWith,Liên quan
involves increasing the expression of,Etiology_AssociatedWith,Liên quan
involves individuals of,Etiology_AssociatedWith,Liên quan
involves inhibition of,Etiology_AssociatedWith,Liên quan
involves management of,Treatment_ManagementCare,Theo dõi / chăm sóc
involves management with,Treatment_ManagementCare,Theo dõi / chăm sóc
involves mechanism of action leading to,Etiology_AssociatedWith,Liên quan
involves mechanism of action through,Etiology_AssociatedWith,Liên quan
involves mechanisms of action during,Etiology_AssociatedWith,Liên quan
involves modulating,Etiology_AssociatedWith,Liên quan
involves monitoring of,Treatment_ManagementCare,Theo dõi / chăm sóc
involves regular follow up by,Treatment_ManagementCare,Theo dõi / chăm sóc
involves regular monitoring of,Treatment_ManagementCare,Theo dõi / chăm sóc
involves replacing,Etiology_AssociatedWith,Liên quan
involves stimulation of,Etiology_AssociatedWith,Liên quan
involves supplementation of,Etiology_AssociatedWith,Liên quan
involves suppression of,Etiology_AssociatedWith,Liên quan
involves symptoms of,Clinical_SymptomSign,Triệu chứng
involves the activation of,Etiology_AssociatedWith,Liên quan
involves the conversion of,Etiology_AssociatedWith,Liên quan
involves the exchange of,Etiology_AssociatedWith,Liên quan
involves the generation of,Etiology_AssociatedWith,Liên quan
involves the induction of,Etiology_AssociatedWith,Liên quan
involves the use of,Etiology_AssociatedWith,Liên quan
involves treatment of,Treatment_IndicationUse,Điều trị / chỉ định
involves treatment with,Treatment_IndicationUse,Điều trị / chỉ định
involves using,Etiology_AssociatedWith,Liên quan
involves venom from,Etiology_AssociatedWith,Liên quan
is,Etiology_AssociatedWith,Liên quan
is  91  protein bound to,PK_DistributionProteinBinding,Phân bố & gắn
is  98  protein bound in,PK_DistributionProteinBinding,Phân bố & gắn
is  99  bound to,Etiology_AssociatedWith,Liên quan
is  99  protein bound in,PK_DistributionProteinBinding,Phân bố & gắn
is 95  bound to,Etiology_AssociatedWith,Liên quan
is a,Taxonomy_IsA,Là loại
is a 6 thiopurine analogue of,Taxonomy_IsA,Là loại
is a byproduct of,Taxonomy_IsA,Là loại
is a candidate for,Taxonomy_IsA,Là loại
is a candidate for the treatment of,Treatment_IndicationUse,Điều trị / chỉ định
is a cause of,Taxonomy_IsA,Là loại
is a challenge for,Taxonomy_IsA,Là loại
is a characteristic of,Taxonomy_IsA,Là loại
is a chelating agent for,Taxonomy_IsA,Là loại
is a cofactor for,Taxonomy_IsA,Là loại
is a cofactor of,Taxonomy_IsA,Là loại
is a combination of,Taxonomy_IsA,Là loại
is a combined product of,Taxonomy_IsA,Là loại
is a common characteristic of,Taxonomy_IsA,Là loại
is a common complication in,Clinical_Complication,Biến chứng
is a common deformity affecting,Taxonomy_IsA,Là loại
is a common feature of,Clinical_SymptomSign,Triệu chứng
is a common finding in,Taxonomy_IsA,Là loại
is a common site of origin for,Taxonomy_IsA,Là loại
is a commonly used medication to,Taxonomy_IsA,Là loại
is a competitive inhibitor of,Taxonomy_IsA,Là loại
is a complex of,Taxonomy_IsA,Là loại
is a complication of,Clinical_Complication,Biến chứng
is a component of,Taxonomy_IsA,Là loại
is a concern for,Taxonomy_IsA,Là loại
is a condition in which,Taxonomy_IsA,Là loại
is a condition involving,Taxonomy_IsA,Là loại
is a condition of,Taxonomy_IsA,Là loại
is a condition related to,Etiology_AssociatedWith,Liên quan
is a condition that may affect,Taxonomy_IsA,Là loại
is a constituent of,Taxonomy_IsA,Là loại
is a contributing factor to,Taxonomy_IsA,Là loại
is a contributor to,Taxonomy_IsA,Là loại
is a controlled substance internationally,Taxonomy_IsA,Là loại
is a cornerstone in,Taxonomy_IsA,Là loại
is a crucial,Taxonomy_IsA,Là loại
is a crucial nutrient for,Taxonomy_IsA,Là loại
is a crucial step in,Taxonomy_IsA,Là loại
is a defect in,Taxonomy_IsA,Là loại
is a derivative of,Taxonomy_IsA,Là loại
is a diagnostic agent for,Taxonomy_IsA,Là loại
is a disorder of,Taxonomy_IsA,Là loại
is a distinctive thickening of,Taxonomy_IsA,Là loại
is a feature of,Taxonomy_IsA,Là loại
is a form of,Taxonomy_IsA,Là loại
is a gene associated with,Genetics_GeneEncodes,Gen mã hóa
is a gene in,Taxonomy_IsA,Là loại
is a group of,Taxonomy_IsA,Là loại
is a hallmark feature of,Clinical_SymptomSign,Triệu chứng
is a heavy metal salt of,Taxonomy_IsA,Là loại
is a highly effective,Taxonomy_IsA,Là loại
is a key component of,Taxonomy_IsA,Là loại
is a key feature of,Taxonomy_IsA,Là loại
is a key intermediate in,Taxonomy_IsA,Là loại
is a leading cause of,Taxonomy_IsA,Là loại
is a leading risk factor for,Etiology_RiskFactor,Yếu tố nguy cơ
is a ligand for,Taxonomy_IsA,Là loại
is a liquid with a half life of,PK_DistributionProteinBinding,Phân bố & gắn
is a major blood vessel that can be weakened by,Taxonomy_IsA,Là loại
is a major phytocannabinoid identified within,Taxonomy_IsA,Là loại
is a manifestation of,Clinical_ManifestationPresentation,Biểu hiện
is a marker of,Taxonomy_IsA,Là loại
is a member of,Taxonomy_IsA,Là loại
is a member of the class of drugs,DrugClass_Category,Nhóm thuốc
is a metabolite of,Taxonomy_IsA,Là loại
is a metabolite produced when,Taxonomy_IsA,Là loại
is a milder counterpart of,Taxonomy_IsA,Là loại
is a modifiable risk factor for,Etiology_RiskFactor,Yếu tố nguy cơ
is a modified form of,Taxonomy_IsA,Là loại
is a mutation in,Genetics_Mutation,Đột biến
is a nucleoside analogue,Taxonomy_IsA,Là loại
is a part of,Taxonomy_IsA,Là loại
is a pharmacologically active enantiomer of,Taxonomy_IsA,Là loại
is a physiological substrate of,Taxonomy_IsA,Là loại
is a potent,Taxonomy_IsA,Là loại
is a potent inhibitor of,Taxonomy_IsA,Là loại
is a potential cause of,Taxonomy_IsA,Là loại
is a potential complication of,Clinical_Complication,Biến chứng
is a potential manifestation of,Clinical_ManifestationPresentation,Biểu hiện
is a potential treatment for,Treatment_IndicationUse,Điều trị / chỉ định
is a powerful,Taxonomy_IsA,Là loại
is a precursor for,Taxonomy_IsA,Là loại
is a precursor of,Taxonomy_IsA,Là loại
is a precursor to,Taxonomy_IsA,Là loại
is a preferential,Taxonomy_IsA,Là loại
is a prescription drug for,Taxonomy_IsA,Là loại
is a prodrug analogue of,PK_Metabolism,Chuyển hóa
is a prodrug of,PK_Metabolism,Chuyển hóa
is a prodrug that converts to,PK_Metabolism,Chuyển hóa
is a product of,Taxonomy_IsA,Là loại
is a promising,Taxonomy_IsA,Là loại
is a promising addition to,Taxonomy_IsA,Là loại
is a promising remedy for,Taxonomy_IsA,Là loại
is a promising treatment option for,Treatment_IndicationUse,Điều trị / chỉ định
is a rare,Taxonomy_IsA,Là loại
is a rare and genetically inherited anomaly of,Genetics_InheritanceCarrier,Di truyền
is a rare complication of,Clinical_Complication,Biến chứng
is a rare condition,Taxonomy_IsA,Là loại
is a rare disease with an estimated incidence of,Taxonomy_IsA,Là loại
is a rare genetic disorder,Taxonomy_IsA,Là loại
is a regulatory target site for,Taxonomy_IsA,Là loại
is a result of,Taxonomy_IsA,Là loại
is a risk factor for,Etiology_RiskFactor,Yếu tố nguy cơ
is a safe and effective choice for,Taxonomy_IsA,Là loại
is a safer alternative to,Taxonomy_IsA,Là loại
is a selective ligand of,Taxonomy_IsA,Là loại
is a sign of,Clinical_SymptomSign,Triệu chứng
is a significant,Taxonomy_IsA,Là loại
is a significant cause of,Taxonomy_IsA,Là loại
is a significant concern for,Taxonomy_IsA,Là loại
is a significant issue in,Taxonomy_IsA,Là loại
is a significant risk factor for,Etiology_RiskFactor,Yếu tố nguy cơ
is a skill related to,Etiology_AssociatedWith,Liên quan
is a solid,Taxonomy_IsA,Là loại
is a solid at,Taxonomy_IsA,Là loại
is a solid in,Taxonomy_IsA,Là loại
is a soluble ester prodrug of,PK_Metabolism,Chuyển hóa
is a source of,Taxonomy_IsA,Là loại
is a standard treatment for,Treatment_IndicationUse,Điều trị / chỉ định
is a strong inhibitor of,Taxonomy_IsA,Là loại
is a strong oxidizer with,Taxonomy_IsA,Là loại
is a structural analogue of,Taxonomy_IsA,Là loại
is a sub type of,Taxonomy_IsA,Là loại
is a substrate for,Taxonomy_IsA,Là loại
is a substrate of,Taxonomy_IsA,Là loại
is a subtype of,Taxonomy_IsA,Là loại
is a surgical procedure for,Taxonomy_IsA,Là loại
is a symptom of,Clinical_SymptomSign,Triệu chứng
is a synthetic analog of,Taxonomy_IsA,Là loại
is a synthetic analogue of,Taxonomy_IsA,Là loại
is a synthetic form of,Taxonomy_IsA,Là loại
is a target in the treatment of,Treatment_IndicationUse,Điều trị / chỉ định
is a term used to describe,Alias_Name,Tên khác
is a transporter for,Taxonomy_IsA,Là loại
is a treatment for,Treatment_IndicationUse,Điều trị / chỉ định
is a treatment option for,Treatment_IndicationUse,Điều trị / chỉ định
is a type,Taxonomy_IsA,Là loại
is a type of,Taxonomy_IsA,Là loại
is a unique form of,Taxonomy_IsA,Là loại
is a useful treatment option for,Treatment_IndicationUse,Điều trị / chỉ định
is a valuable addition to,Taxonomy_IsA,Là loại
is a valuable tool for,Taxonomy_IsA,Là loại
is a valuable tool in,Taxonomy_IsA,Là loại
is a valuable tool in the fight against,Taxonomy_IsA,Là loại
is a valuable tool in the management of,Treatment_ManagementCare,Theo dõi / chăm sóc
is a valuable tool in the treatment of,Treatment_IndicationUse,Điều trị / chỉ định
is a valuable treatment option for,Treatment_IndicationUse,Điều trị / chỉ định
is a variant form of,Genetics_Mutation,Đột biến
is a variant of,Taxonomy_IsA,Là loại
is a variety of,Taxonomy_IsA,Là loại
is a versatile antibiotic with,Taxonomy_IsA,Là loại
is a weak inhibitor of,Taxonomy_IsA,Là loại
is a weak suppressor of,Taxonomy_IsA,Là loại
is abbreviated as,Alias_Name,Tên khác
is abnormal form of,Etiology_AssociatedWith,Liên quan
is absent in,Etiology_AssociatedWith,Liên quan
is absorbed,PK_Absorption,Hấp thu
is absorbed after,PK_Absorption,Hấp thu
is absorbed through,PK_Absorption,Hấp thu
is absorbed via,PK_Absorption,Hấp thu
is abundant in,Etiology_AssociatedWith,Liên quan
is abused by,Etiology_AssociatedWith,Liên quan
is accompanied by,Etiology_AssociatedWith,Liên quan
is achieved by,Etiology_AssociatedWith,Liên quan
is achieved in,Etiology_AssociatedWith,Liên quan
is achieved through,Etiology_AssociatedWith,Liên quan
is activated by,MoA_ActivationInduction,Kích hoạt
is active against,Etiology_AssociatedWith,Liên quan
is active ingredient in,Etiology_AssociatedWith,Liên quan
is added in,Etiology_AssociatedWith,Liên quan
is administered,Etiology_AssociatedWith,Liên quan
is administered as,Etiology_AssociatedWith,Liên quan
is administered at,Etiology_AssociatedWith,Liên quan
is administered at a dose of,Treatment_DoseRegimen,Liều dùng
is administered at a median dose of,Treatment_DoseRegimen,Liều dùng
is administered by,Etiology_AssociatedWith,Liên quan
is administered for,Etiology_AssociatedWith,Liên quan
is administered in,Etiology_AssociatedWith,Liên quan
is administered in combination with,Etiology_AssociatedWith,Liên quan
is administered in doses ranging from,Treatment_DoseRegimen,Liều dùng
is administered orally as,Treatment_AdministrationRoute,Đường dùng
is administered through,Treatment_AdministrationRoute,Đường dùng
is administered to,Etiology_AssociatedWith,Liên quan
is administered via,Treatment_AdministrationRoute,Đường dùng
is administered with,Etiology_AssociatedWith,Liên quan
is advised for,Etiology_AssociatedWith,Liên quan
is affected by,Etiology_AssociatedWith,Liên quan
is aggravated by,Etiology_TriggerExacerbating,Kích hoạt / làm nặng
is aimed at,Etiology_AssociatedWith,Liên quan
is also,Etiology_AssociatedWith,Liên quan
is also an,Etiology_AssociatedWith,Liên quan
is also investigational for,Regulatory_Status,Trạng thái phê duyệt
is also known as,Alias_Name,Tên khác
is also referred to as,Alias_Name,Tên khác
is also used off label for,Etiology_AssociatedWith,Liên quan
is altered by,Etiology_AssociatedWith,Liên quan
is an,Taxonomy_IsA,Là loại
is an abnormal curvature of,Taxonomy_IsA,Là loại
is an active ingredient in,Taxonomy_IsA,Là loại
is an active metabolite of,Taxonomy_IsA,Là loại
is an additive to,Taxonomy_IsA,Là loại
is an adjunctive treatment for,Treatment_IndicationUse,Điều trị / chỉ định
is an agonist of,Taxonomy_IsA,Là loại
is an aid for,Taxonomy_IsA,Là loại
is an alternative to,Taxonomy_IsA,Là loại
is an analog of,Taxonomy_IsA,Là loại
is an antagonist blocker of,Taxonomy_IsA,Là loại
is an anti convulsant medication,Taxonomy_IsA,Là loại
is an area of,Taxonomy_IsA,Là loại
is an attractive candidate for,Taxonomy_IsA,Là loại
is an atypical variant of,Taxonomy_IsA,Là loại
is an autoimmune disease that can cause,Taxonomy_IsA,Là loại
is an autosomal dominant ataxia,Genetics_InheritanceCarrier,Di truyền
is an autosomal recessive ataxia,Genetics_InheritanceCarrier,Di truyền
is an autosomal recessive disorder caused by mutations in,Genetics_Mutation,Đột biến
is an effective,Taxonomy_IsA,Là loại
is an effective treatment for,Treatment_IndicationUse,Điều trị / chỉ định
is an enzyme involved in,Taxonomy_IsA,Là loại
is an enzyme of,Taxonomy_IsA,Là loại
is an enzyme that facilitates,Taxonomy_IsA,Là loại
is an essential component of,Taxonomy_IsA,Là loại
is an essential nutrient for,Taxonomy_IsA,Là loại
is an example of,Taxonomy_IsA,Là loại
is an important,Taxonomy_IsA,Là loại
is an important consideration for,Taxonomy_IsA,Là loại
is an important consideration in,Taxonomy_IsA,Là loại
is an important tool in preventing,Taxonomy_IsA,Là loại
is an inducer of,Taxonomy_IsA,Là loại
is an infection that can cause,Taxonomy_IsA,Là loại
is an inflammatory condition of,Taxonomy_IsA,Là loại
is an inhibitor of,Taxonomy_IsA,Là loại
is an instance of,Taxonomy_IsA,Là loại
is an optical isomer of,Diagnosis_ImagingFinding,Hình ảnh
is an organomercury compound with,Taxonomy_IsA,Là loại
is an underlying factor for,Taxonomy_IsA,Là loại
is antagonized by,DrugInteraction,Tương tác thuốc
is anterior to,Anatomy_SpatialRelation,Vị trí tương đối
is applied in,Etiology_AssociatedWith,Liên quan
is approved,Regulatory_Status,Trạng thái phê duyệt
is approved and,Regulatory_Status,Trạng thái phê duyệt
is approved and investigational,Regulatory_Status,Trạng thái phê duyệt
is approved and investigational and withdrawn,Regulatory_Status,Trạng thái phê duyệt
is approved by,Regulatory_Status,Trạng thái phê duyệt
is approved for,Regulatory_Status,Trạng thái phê duyệt
is approved for managing,Regulatory_Status,Trạng thái phê duyệt
is approved for the treatment of,Regulatory_Status,Trạng thái phê duyệt
is approved for use,Regulatory_Status,Trạng thái phê duyệt
is approved for use alone or in combination with,Regulatory_Status,Trạng thái phê duyệt
is approved for use as,Regulatory_Status,Trạng thái phê duyệt
is approved for use as an alternative to,Regulatory_Status,Trạng thái phê duyệt
is approved for use as an index of,Regulatory_Status,Trạng thái phê duyệt
is approved for use in,Regulatory_Status,Trạng thái phê duyệt
is approved for use in combination with,Regulatory_Status,Trạng thái phê duyệt
is approved for use in the treatment of,Regulatory_Status,Trạng thái phê duyệt
is approved for use in treating,Regulatory_Status,Trạng thái phê duyệt
is approved in,Regulatory_Status,Trạng thái phê duyệt
is approximately,Etiology_AssociatedWith,Liên quan
is as effective as,Etiology_AssociatedWith,Liên quan
is associated with,Etiology_AssociatedWith,Liên quan
is associated with deficiencies of,Diagnosis_LabFinding,Xét nghiệm
is associated with risks in,Etiology_AssociatedWith,Liên quan
is at risk for,Etiology_AssociatedWith,Liên quan
is at risk of,Etiology_AssociatedWith,Liên quan
is attributed to,Etiology_CausedBy,Do nguyên nhân
is attributed to mutations in,Genetics_Mutation,Đột biến
is available,Etiology_AssociatedWith,Liên quan
is available as,Etiology_AssociatedWith,Liên quan
is available in,Etiology_AssociatedWith,Liên quan
is available in combination with,Etiology_AssociatedWith,Liên quan
is available in formulations for,Etiology_AssociatedWith,Liên quan
is available under,Etiology_AssociatedWith,Liên quan
is available under the product name,Etiology_AssociatedWith,Liên quan
is available with,Etiology_AssociatedWith,Liên quan
is avoided to prevent,Safety_ContraindicationAvoid,Chống chỉ định
is bactericidal,Etiology_AssociatedWith,Liên quan
is based on,Etiology_AssociatedWith,Liên quan
is based on trials,Etiology_AssociatedWith,Liên quan
is being explored as,Regulatory_Status,Trạng thái phê duyệt
is being investigated by,Etiology_AssociatedWith,Liên quan
is being investigated for,Etiology_AssociatedWith,Liên quan
is being investigated in,Etiology_AssociatedWith,Liên quan
is being researched for,Regulatory_Status,Trạng thái phê duyệt
is being studied for,Regulatory_Status,Trạng thái phê duyệt
is being studied for potential use in,Regulatory_Status,Trạng thái phê duyệt
is being studied in,Regulatory_Status,Trạng thái phê duyệt
is believed to act as,Etiology_AssociatedWith,Liên quan
is believed to be,Etiology_AssociatedWith,Liên quan
is believed to be caused by,Etiology_CausedBy,Do nguyên nhân
is believed to be due to,Etiology_CausedBy,Do nguyên nhân
is believed to be related to,Etiology_AssociatedWith,Liên quan
is believed to bind to,MoA_BindingAffinity,Gắn kết
is believed to block,MoA_InhibitionBlockade,Ức chế
is believed to follow,Etiology_AssociatedWith,Liên quan
is believed to involve,Etiology_AssociatedWith,Liên quan
is believed to protect cells against,Etiology_AssociatedWith,Liên quan
is believed to result from,Etiology_CausedBy,Do nguyên nhân
is beneficial during,Etiology_AssociatedWith,Liên quan
is beneficial for treating,Etiology_AssociatedWith,Liên quan
is both,Etiology_AssociatedWith,Liên quan
is bound by,Etiology_AssociatedWith,Liên quan
is bound in plasma by,PK_DistributionProteinBinding,Phân bố & gắn
is bound primarily to,Etiology_AssociatedWith,Liên quan
is bound to,Etiology_AssociatedWith,Liên quan
is bound to a lesser extent to,Etiology_AssociatedWith,Liên quan
is bound to plasma proteins by,Etiology_AssociatedWith,Liên quan
is bound to protein with,Etiology_AssociatedWith,Liên quan
is calculated by,Etiology_AssociatedWith,Liên quan
is candidate for,Etiology_AssociatedWith,Liên quan
is capable of,Etiology_AssociatedWith,Liên quan
is catalyzed by,Etiology_AssociatedWith,Liên quan
is categorized as,Etiology_AssociatedWith,Liên quan
is categorized under,Etiology_AssociatedWith,Liên quan
is category b during,Etiology_AssociatedWith,Liên quan
is caused by,Etiology_CausedBy,Do nguyên nhân
is caused by a mutation in,Genetics_Mutation,Đột biến
is caused by lack of,Etiology_CausedBy,Do nguyên nhân
is caused by mutation in,Genetics_Mutation,Đột biến
is caused by mutations in,Genetics_Mutation,Đột biến
is cautioned for,Etiology_AssociatedWith,Liên quan
is cell cycle phase specific,Etiology_AssociatedWith,Liên quan
is centered around,Etiology_AssociatedWith,Liên quan
is centered on,Etiology_AssociatedWith,Liên quan
is challenging to distinguish from,Diagnosis_DiagnosticMethod,Cách chẩn đoán
is characterized as,Etiology_AssociatedWith,Liên quan
is characterized by,Clinical_SymptomSign,Triệu chứng
is chemically related to,Etiology_AssociatedWith,Liên quan
is classified as,Taxonomy_IsA,Là loại
is classified as a,Taxonomy_IsA,Là loại
is classified as part of,Taxonomy_IsA,Là loại
is classified into,Taxonomy_MemberOf,Thuộc nhóm
is classified under,Etiology_AssociatedWith,Liên quan
is classified under the drug category of,DrugClass_Category,Nhóm thuốc
is cleared by,PK_ExcretionClearance,Thải trừ
is cleaved in the presence of,Etiology_AssociatedWith,Liên quan
is closely related to,Etiology_AssociatedWith,Liên quan
is combined with,DrugInteraction,Tương tác thuốc
is commercially available as,Etiology_AssociatedWith,Liên quan
is common in,Etiology_AssociatedWith,Liên quan
is commonly formulated with,Etiology_AssociatedWith,Liên quan
is commonly found in,Anatomy_LocatedIn,Nằm ở
is commonly known as,Alias_Name,Tên khác
is commonly referred to as,Alias_Name,Tên khác
is commonly used for,Treatment_IndicationUse,Điều trị / chỉ định
is commonly used in combination with,DrugInteraction,Tương tác thuốc
is commonly used to treat,Treatment_IndicationUse,Điều trị / chỉ định
is comparable to,Etiology_AssociatedWith,Liên quan
is compared to,Etiology_AssociatedWith,Liên quan
is complex and rare,Epidemiology_PrevalenceIncidence,Tần suất mắc
is composed of,Taxonomy_PartOf,Thành phần của
is comprised of,Taxonomy_PartOf,Thành phần của
is confirmed through,Diagnosis_DiagnosticMethod,Cách chẩn đoán
is confused with,Etiology_AssociatedWith,Liên quan
is conjugated with,Etiology_AssociatedWith,Liên quan
is connected to,Etiology_AssociatedWith,Liên quan
is considered,Etiology_AssociatedWith,Liên quan
is considered a,Etiology_AssociatedWith,Liên quan
is considered a significant cause of,Etiology_AssociatedWith,Liên quan
is considered an,Etiology_AssociatedWith,Liên quan
is considered by,Etiology_AssociatedWith,Liên quan
is considered for,Etiology_AssociatedWith,Liên quan
is considered in,Etiology_AssociatedWith,Liên quan
is considered to be,Etiology_AssociatedWith,Liên quan
is considered when,Etiology_AssociatedWith,Liên quan
is contraindicated in,Safety_ContraindicationAvoid,Chống chỉ định
is contraindicated in patients with,Safety_ContraindicationAvoid,Chống chỉ định
is contraindicated in patients with a history of,Safety_ContraindicationAvoid,Chống chỉ định
is contraindicated with,Safety_ContraindicationAvoid,Chống chỉ định
is controlled by,Etiology_AssociatedWith,Liên quan
is controversial due to concerns over,Safety_WarningCaution,Cảnh báo
is converted into,PK_Metabolism,Chuyển hóa
is converted to,PK_Metabolism,Chuyển hóa
is correlated with,Etiology_AssociatedWith,Liên quan
is coupled to,Etiology_AssociatedWith,Liên quan
is created by,Taxonomy_ProductOf,Tạo ra bởi
is critical for,Etiology_AssociatedWith,Liên quan
is cross resistant with,Etiology_AssociatedWith,Liên quan
is crucial as,Etiology_AssociatedWith,Liên quan
is crucial for,Etiology_AssociatedWith,Liên quan
is crucial in cases of,Epidemiology_PrevalenceIncidence,Tần suất mắc
is crucial in preventing,Etiology_AssociatedWith,Liên quan
is crucial to,Etiology_AssociatedWith,Liên quan
is crucial to prevent,Prevention_Prophylaxis,Phòng ngừa
is cultured from,Etiology_AssociatedWith,Liên quan
is currently,Etiology_AssociatedWith,Liên quan
is currently being,Etiology_AssociatedWith,Liên quan
is currently in development for,Etiology_AssociatedWith,Liên quan
is currently in trials in,Regulatory_Status,Trạng thái phê duyệt
is decreased by,Etiology_AssociatedWith,Liên quan
is decreased in,Etiology_AssociatedWith,Liên quan
is deficient in,Etiology_AssociatedWith,Liên quan
is defined by,Etiology_AssociatedWith,Liên quan
is densely distributed within,Anatomy_SpatialRelation,Vị trí tương đối
is dependent upon,Etiology_AssociatedWith,Liên quan
is derived from,Taxonomy_DerivedFrom,Nguồn gốc từ
is described as,Etiology_AssociatedWith,Liên quan
is described by,Etiology_AssociatedWith,Liên quan
is described in,Etiology_AssociatedWith,Liên quan
is described in families from,Etiology_AssociatedWith,Liên quan
is designed to mimic the structure and function of,MoA_ModulationOther,Điều hòa khác
is developed by,Etiology_AssociatedWith,Liên quan
is developed for,Etiology_AssociatedWith,Liên quan
is developed for the treatment of,Treatment_IndicationUse,Điều trị / chỉ định
is developed in,Etiology_AssociatedWith,Liên quan
is diagnosed,Diagnosis_DiagnosticMethod,Cách chẩn đoán
is diagnosed at age,Diagnosis_DiagnosticMethod,Cách chẩn đoán
is diagnosed based on,Diagnosis_DiagnosticMethod,Cách chẩn đoán
is diagnosed before,Diagnosis_DiagnosticMethod,Cách chẩn đoán
is diagnosed by,Diagnosis_DiagnosticMethod,Cách chẩn đoán
is diagnosed during,Diagnosis_DiagnosticMethod,Cách chẩn đoán
is diagnosed for,Diagnosis_DiagnosticMethod,Cách chẩn đoán
is diagnosed in,Diagnosis_DiagnosticMethod,Cách chẩn đoán
is diagnosed through,Diagnosis_DiagnosticMethod,Cách chẩn đoán
is diagnosed when,Diagnosis_DiagnosticMethod,Cách chẩn đoán
is diagnosed with,Diagnosis_DiagnosticMethod,Cách chẩn đoán
is different from,Etiology_AssociatedWith,Liên quan
is differentiated by,Etiology_AssociatedWith,Liên quan
is differentiated from,Diagnosis_DiagnosticMethod,Cách chẩn đoán
is discontinued in,Etiology_AssociatedWith,Liên quan
is disrupted by,Etiology_AssociatedWith,Liên quan
is distinct from,Etiology_AssociatedWith,Liên quan
is distinguished by,Etiology_AssociatedWith,Liên quan
is distinguished by the absence of,Etiology_AssociatedWith,Liên quan
is distinguished by weak expression of,Etiology_AssociatedWith,Liên quan
is distinguished from,Diagnosis_DiagnosticMethod,Cách chẩn đoán
is distributed in,Etiology_AssociatedWith,Liên quan
is distributed throughout,Anatomy_LocatedIn,Nằm ở
is done through,Etiology_AssociatedWith,Liên quan
is done with,Etiology_AssociatedWith,Liên quan
is downregulated by,Anatomy_ExpressedIn,Biểu hiện ở
is due to,Etiology_CausedBy,Do nguyên nhân
is easier to use in,Etiology_AssociatedWith,Liên quan
is effective against,Etiology_AssociatedWith,Liên quan
is effective as,Etiology_AssociatedWith,Liên quan
is effective as an,Etiology_AssociatedWith,Liên quan
is effective at eradicating,Etiology_AssociatedWith,Liên quan
is effective at reducing,Etiology_AssociatedWith,Liên quan
is effective due to its,Etiology_CausedBy,Do nguyên nhân
is effective for,Etiology_AssociatedWith,Liên quan
is effective for treating,Etiology_AssociatedWith,Liên quan
is effective if administered before,Etiology_AssociatedWith,Liên quan
is effective in,Treatment_IndicationUse,Điều trị / chỉ định
is effective in improving,Treatment_IndicationUse,Điều trị / chỉ định
is effective in inhibiting,Treatment_IndicationUse,Điều trị / chỉ định
is effective in lowering,Treatment_IndicationUse,Điều trị / chỉ định
is effective in managing,Treatment_IndicationUse,Điều trị / chỉ định
is effective in reducing,Treatment_IndicationUse,Điều trị / chỉ định
is effective in the treatment of,Treatment_IndicationUse,Điều trị / chỉ định
is effective in treating,Treatment_IndicationUse,Điều trị / chỉ định
is effective in treatment of,Treatment_IndicationUse,Điều trị / chỉ định
is effective treatment for,Treatment_IndicationUse,Điều trị / chỉ định
is either,Etiology_AssociatedWith,Liên quan
is elevated in,Diagnosis_LabFinding,Xét nghiệm
is eliminated,PK_ExcretionClearance,Thải trừ
is eliminated in,PK_ExcretionClearance,Thải trừ
is eliminated primarily in,PK_ExcretionClearance,Thải trừ
is eliminated primarily through,PK_ExcretionClearance,Thải trừ
is eliminated through,PK_ExcretionClearance,Thải trừ
is eliminated with a minimum half life of,PK_ExcretionClearance,Thải trừ
is emphasized by,Etiology_AssociatedWith,Liên quan
is employed as,Etiology_AssociatedWith,Liên quan
is employed in the management of,Treatment_ManagementCare,Theo dõi / chăm sóc
is employed to address,Etiology_AssociatedWith,Liên quan
is encoded by,Etiology_AssociatedWith,Liên quan
is enriched in,Etiology_AssociatedWith,Liên quan
is equivalent to,Etiology_AssociatedWith,Liên quan
is essential co drug with,Etiology_AssociatedWith,Liên quan
is essential due to,Etiology_CausedBy,Do nguyên nhân
is essential for,Etiology_AssociatedWith,Liên quan
is essential for excluding,Etiology_AssociatedWith,Liên quan
is essential for maintaining,Etiology_AssociatedWith,Liên quan
is essential to,Etiology_AssociatedWith,Liên quan
is essential to determine,Etiology_AssociatedWith,Liên quan
is essential to exclude,Etiology_AssociatedWith,Liên quan
is essential to prevent,Prevention_Prophylaxis,Phòng ngừa
is essential to recognize for,Etiology_AssociatedWith,Liên quan
is estimated at,Etiology_AssociatedWith,Liên quan
is estimated to affect,Epidemiology_PrevalenceIncidence,Tần suất mắc
is estimated to be,Etiology_AssociatedWith,Liên quan
is estimated to be prevalent in,Etiology_AssociatedWith,Liên quan
is evaluated for,Etiology_AssociatedWith,Liên quan
is evaluated for treatment of,Treatment_IndicationUse,Điều trị / chỉ định
is evaluated in,Etiology_AssociatedWith,Liên quan
is evidenced by,Etiology_AssociatedWith,Liên quan
is evident at,Etiology_AssociatedWith,Liên quan
is exacerbated by,Etiology_AssociatedWith,Liên quan
is excreted by,PK_ExcretionClearance,Thải trừ
is excreted in,PK_ExcretionClearance,Thải trừ
is excreted through,PK_ExcretionClearance,Thải trừ
is excreted via,PK_ExcretionClearance,Thải trừ
is exhibited by,Etiology_AssociatedWith,Liên quan
is experimental and has not received,Etiology_AssociatedWith,Liên quan
is experimental for,Etiology_AssociatedWith,Liên quan
is experimental in,Etiology_AssociatedWith,Liên quan
is exploring,Etiology_AssociatedWith,Liên quan
is expressed along,Etiology_AssociatedWith,Liên quan
is expressed at,Etiology_AssociatedWith,Liên quan
is expressed in,Anatomy_ExpressedIn,Biểu hiện ở
is expressed in terms of,Anatomy_ExpressedIn,Biểu hiện ở
is expressed on,Anatomy_ExpressedIn,Biểu hiện ở
is extensively bound to,Etiology_AssociatedWith,Liên quan
is extensively used for,Treatment_IndicationUse,Điều trị / chỉ định
is extracted by,Etiology_AssociatedWith,Liên quan
is extracted from,Taxonomy_DerivedFrom,Nguồn gốc từ
is fda approved for,Regulatory_Status,Trạng thái phê duyệt
is filled with,Etiology_AssociatedWith,Liên quan
is first line therapy for,Treatment_IndicationUse,Điều trị / chỉ định
is first metabolized by,PK_Metabolism,Chuyển hóa
is focused on,Etiology_AssociatedWith,Liên quan
is for,Etiology_AssociatedWith,Liên quan
is formed by,Taxonomy_ProductOf,Tạo ra bởi
is formed from,Taxonomy_ProductOf,Tạo ra bởi
is formed of,Etiology_AssociatedWith,Liên quan
is formulated as,Etiology_AssociatedWith,Liên quan
is found,Etiology_AssociatedWith,Liên quan
is found at,Etiology_AssociatedWith,Liên quan
is found in,Anatomy_LocatedIn,Nằm ở
is found in higher concentrations in,Anatomy_LocatedIn,Nằm ở
is found in patients with,Anatomy_LocatedIn,Nằm ở
is found on,Etiology_AssociatedWith,Liên quan
is frequently,Etiology_AssociatedWith,Liên quan
is frequently accompanied by,Etiology_AssociatedWith,Liên quan
is frequently observed in,Etiology_AssociatedWith,Liên quan
is from,Etiology_AssociatedWith,Liên quan
is functionally similar to,Etiology_AssociatedWith,Liên quan
is generally,Etiology_AssociatedWith,Liên quan
is generally best avoided as it may,Safety_ContraindicationAvoid,Chống chỉ định
is generally best avoided due to,Safety_ContraindicationAvoid,Chống chỉ định
is generally bound to,Etiology_AssociatedWith,Liên quan
is generally considered,Etiology_AssociatedWith,Liên quan
is generally considered to be,Etiology_AssociatedWith,Liên quan
is generated by,Taxonomy_ProductOf,Tạo ra bởi
is generated in,Etiology_AssociatedWith,Liên quan
is genetically,Etiology_AssociatedWith,Liên quan
is given,Etiology_AssociatedWith,Liên quan
is given alone or in combination with,Etiology_AssociatedWith,Liên quan
is given in a dose of,Treatment_DoseRegimen,Liều dùng
is given in combination with,Etiology_AssociatedWith,Liên quan
is given to,Etiology_AssociatedWith,Liên quan
is given to patients,Etiology_AssociatedWith,Liên quan
is given with,Etiology_AssociatedWith,Liên quan
is good for,Etiology_AssociatedWith,Liên quan
is higher in areas with,Epidemiology_Geography,Theo khu vực
is highlighted by,Etiology_AssociatedWith,Liên quan
is highly,Etiology_AssociatedWith,Liên quan
is highly bound to,Etiology_AssociatedWith,Liên quan
is highly lipid soluble causing,Etiology_AssociatedWith,Liên quan
is highly penetrable into,Etiology_AssociatedWith,Liên quan
is highly protein bound,PK_DistributionProteinBinding,Phân bố & gắn
is highly protein bound to,PK_DistributionProteinBinding,Phân bố & gắn
is identified as,Etiology_AssociatedWith,Liên quan
is illegal in,Etiology_AssociatedWith,Liên quan
is illegal to possess or distribute without,Etiology_AssociatedWith,Liên quan
is illicit in some countries due to concerns about,Safety_WarningCaution,Cảnh báo
is illicitly used and has potential for,Etiology_AssociatedWith,Liên quan
is imperative to prevent,Prevention_Prophylaxis,Phòng ngừa
is implicated in,Etiology_AssociatedWith,Liên quan
is important during,Etiology_AssociatedWith,Liên quan
is important for,Etiology_AssociatedWith,Liên quan
is important for managing,Etiology_AssociatedWith,Liên quan
is important if,Etiology_AssociatedWith,Liên quan
is important in,Etiology_AssociatedWith,Liên quan
is important to avoid,Etiology_AssociatedWith,Liên quan
is in,Etiology_AssociatedWith,Liên quan
is in a physical state of,Etiology_AssociatedWith,Liên quan
is in contrast to,Etiology_AssociatedWith,Liên quan
is in relation to,Etiology_AssociatedWith,Liên quan
is in the physical state of,Etiology_AssociatedWith,Liên quan
is incompatible with,Etiology_AssociatedWith,Liên quan
is incorporated into,Etiology_AssociatedWith,Liên quan
is increased due to,Etiology_CausedBy,Do nguyên nhân
is increased in,Etiology_AssociatedWith,Liên quan
is increased to,Etiology_AssociatedWith,Liên quan
is increasing due to,Etiology_CausedBy,Do nguyên nhân
is increasing in,Etiology_AssociatedWith,Liên quan
is independent of,Etiology_AssociatedWith,Liên quan
is indicated as,Etiology_AssociatedWith,Liên quan
is indicated as adjunctive therapy in,Treatment_IndicationUse,Điều trị / chỉ định
is indicated as an adjunct to,Etiology_AssociatedWith,Liên quan
is indicated for,Treatment_IndicationUse,Điều trị / chỉ định
is indicated for patients,Treatment_IndicationUse,Điều trị / chỉ định
is indicated for pre exposure prophylaxis in patients weighing,Treatment_IndicationUse,Điều trị / chỉ định
is indicated for relief of,Treatment_IndicationUse,Điều trị / chỉ định
is indicated for the prevention of,Treatment_IndicationUse,Điều trị / chỉ định
is indicated for the treatment of,Treatment_IndicationUse,Điều trị / chỉ định
is indicated for treatment of,Treatment_IndicationUse,Điều trị / chỉ định
is indicated for use as,Treatment_IndicationUse,Điều trị / chỉ định
is indicated for use as monotherapy or adjunctive therapy in,Treatment_IndicationUse,Điều trị / chỉ định
is indicated for use in,Treatment_IndicationUse,Điều trị / chỉ định
is indicated for use with,Treatment_IndicationUse,Điều trị / chỉ định
is indicated if,Etiology_AssociatedWith,Liên quan
is indicated in,Etiology_AssociatedWith,Liên quan
is indicated in the dsm v for,Etiology_AssociatedWith,Liên quan
is indicated in the management of,Treatment_ManagementCare,Theo dõi / chăm sóc
is indicated in the treatment of,Treatment_IndicationUse,Điều trị / chỉ định
is indicated to improve,Etiology_AssociatedWith,Liên quan
is indicated to prevent,Prevention_Prophylaxis,Phòng ngừa
is indicated to provide,Etiology_AssociatedWith,Liên quan
is indicated to reduce,MoA_ModulationOther,Điều hòa khác
is indicated to reduce the risk of,Prevention_Prophylaxis,Phòng ngừa
is indicated to treat,Treatment_IndicationUse,Điều trị / chỉ định
is indicated with,Etiology_AssociatedWith,Liên quan
is indicative of,Etiology_AssociatedWith,Liên quan
is individualized according to,Etiology_AssociatedWith,Liên quan
is induced by,Etiology_AssociatedWith,Liên quan
is ineffective with,Etiology_AssociatedWith,Liên quan
is influenced by,Etiology_AssociatedWith,Liên quan
is inherited as,Genetics_InheritanceCarrier,Di truyền
is inherited from,Genetics_InheritanceCarrier,Di truyền
is inhibited by,MoA_InhibitionBlockade,Ức chế
is innervated by,Anatomy_SpatialRelation,Vị trí tương đối
is insoluble in,Etiology_AssociatedWith,Liên quan
is intolerant to,Etiology_AssociatedWith,Liên quan
is intrinsic to,Etiology_AssociatedWith,Liên quan
is introduced under,Etiology_AssociatedWith,Liên quan
is investigated as,Etiology_AssociatedWith,Liên quan
is investigated as a,Etiology_AssociatedWith,Liên quan
is investigated as a treatment for,Treatment_IndicationUse,Điều trị / chỉ định
is investigated as treatment for,Treatment_IndicationUse,Điều trị / chỉ định
is investigated for,Etiology_AssociatedWith,Liên quan
is investigated for the treatment of,Treatment_IndicationUse,Điều trị / chỉ định
is investigated for treating,Etiology_AssociatedWith,Liên quan
is investigated in the treatment of,Treatment_IndicationUse,Điều trị / chỉ định
is investigated to treat,Treatment_IndicationUse,Điều trị / chỉ định
is investigating,Etiology_AssociatedWith,Liên quan
is investigational,Regulatory_Status,Trạng thái phê duyệt
is investigational for,Regulatory_Status,Trạng thái phê duyệt
is investigational for the treatment of,Regulatory_Status,Trạng thái phê duyệt
is investigational for use in,Regulatory_Status,Trạng thái phê duyệt
is investigational in,Regulatory_Status,Trạng thái phê duyệt
is involved in,Etiology_AssociatedWith,Liên quan
is involved in the biosynthesis of,Etiology_AssociatedWith,Liên quan
is involved in the incorporation into,Etiology_AssociatedWith,Liên quan
is involved in the pathophysiology of,Etiology_AssociatedWith,Liên quan
is involved in the production of,Etiology_AssociatedWith,Liên quan
is involved in the synthesis of,Etiology_AssociatedWith,Liên quan
is involved in the transport of,Etiology_AssociatedWith,Liên quan
is isolated from,Taxonomy_DerivedFrom,Nguồn gốc từ
is known as,Alias_Name,Tên khác
is known for its,Etiology_AssociatedWith,Liên quan
is known for its activity against,Etiology_AssociatedWith,Liên quan
is known to be,Etiology_AssociatedWith,Liên quan
is largely,Etiology_AssociatedWith,Liên quan
is less active than,Etiology_AssociatedWith,Liên quan
is less common in,Epidemiology_Demographics,Hay gặp ở nhóm
is less effective at reducing,Etiology_AssociatedWith,Liên quan
is less effective in,Treatment_IndicationUse,Điều trị / chỉ định
is less frequent in,Etiology_AssociatedWith,Liên quan
is less frequently associated with,Etiology_AssociatedWith,Liên quan
is less potent than,Etiology_AssociatedWith,Liên quan
is less sedating than,Etiology_AssociatedWith,Liên quan
is less suitable than,Etiology_AssociatedWith,Liên quan
is less than,Etiology_AssociatedWith,Liên quan
is less toxic than,Etiology_AssociatedWith,Liên quan
is likely,Etiology_AssociatedWith,Liên quan
is likely related to,Etiology_AssociatedWith,Liên quan
is likely to inhibit,MoA_InhibitionBlockade,Ức chế
is limited by,Etiology_AssociatedWith,Liên quan
is linked to,Etiology_AssociatedWith,Liên quan
is linked to mutations in,Genetics_Mutation,Đột biến
is linked to the activity of,Etiology_AssociatedWith,Liên quan
is listed in,Etiology_AssociatedWith,Liên quan
is localized near,Etiology_AssociatedWith,Liên quan
is localized to,Etiology_AssociatedWith,Liên quan
is located at,Etiology_AssociatedWith,Liên quan
is located at the,Etiology_AssociatedWith,Liên quan
is located between,Anatomy_SpatialRelation,Vị trí tương đối
is located in,Anatomy_LocatedIn,Nằm ở
is located on,Anatomy_LocatedIn,Nằm ở
is macrofilaricidal and partially,Etiology_AssociatedWith,Liên quan
is made through,Etiology_AssociatedWith,Liên quan
is made up of,Etiology_AssociatedWith,Liên quan
is mainly,Etiology_AssociatedWith,Liên quan
is mainly bound to,Etiology_AssociatedWith,Liên quan
is mainly protein bound to,PK_DistributionProteinBinding,Phân bố & gắn
is managed according to,Treatment_ManagementCare,Theo dõi / chăm sóc
is managed based on,Treatment_ManagementCare,Theo dõi / chăm sóc
is managed by,Treatment_ManagementCare,Theo dõi / chăm sóc
is managed through,Treatment_ManagementCare,Theo dõi / chăm sóc
is managed with,Treatment_ManagementCare,Theo dõi / chăm sóc
is manufactured by,Etiology_AssociatedWith,Liên quan
is manufactured by converting,Etiology_AssociatedWith,Liên quan
is mapped to,Genetics_GeneEncodes,Gen mã hóa
is marked by,Clinical_SymptomSign,Triệu chứng
is marked pathologically by,Etiology_AssociatedWith,Liên quan
is marketed as,Etiology_AssociatedWith,Liên quan
is marketed by,Etiology_AssociatedWith,Liên quan
is marketed in,Etiology_AssociatedWith,Liên quan
is marketed in cooperation with,Etiology_AssociatedWith,Liên quan
is marketed under,Etiology_AssociatedWith,Liên quan
is marketed under the brand name,Alias_Name,Tên khác
is marketed under the name,Etiology_AssociatedWith,Liên quan
is marketed under the trade name,Alias_Name,Tên khác
is marketed under the trademark,Etiology_AssociatedWith,Liên quan
is measured in,Etiology_AssociatedWith,Liên quan
is metabolized by,PK_Metabolism,Chuyển hóa
is metabolized in,PK_Metabolism,Chuyển hóa
is metabolized into,PK_Metabolism,Chuyển hóa
is metabolized to,PK_Metabolism,Chuyển hóa
is metabolized to form,PK_Metabolism,Chuyển hóa
is moderately soluble in,Etiology_AssociatedWith,Liên quan
is monitored by measuring,Etiology_AssociatedWith,Liên quan
is monitored for,Etiology_AssociatedWith,Liên quan
is monitored in cases of,Epidemiology_PrevalenceIncidence,Tần suất mắc
is monitored through,Etiology_AssociatedWith,Liên quan
is more active than,Etiology_AssociatedWith,Liên quan
is more common among,Etiology_AssociatedWith,Liên quan
is more common among patients with,Etiology_AssociatedWith,Liên quan
is more common in,Epidemiology_Demographics,Hay gặp ở nhóm
is more common than,Etiology_AssociatedWith,Liên quan
is more commonly observed in,Etiology_AssociatedWith,Liên quan
is more effective than,Etiology_AssociatedWith,Liên quan
is more frequent in,Epidemiology_Demographics,Hay gặp ở nhóm
is more frequently found in,Anatomy_LocatedIn,Nằm ở
is more likely to develop in,Etiology_AssociatedWith,Liên quan
is more potent than,Etiology_AssociatedWith,Liên quan
is more prevalent among,Etiology_AssociatedWith,Liên quan
is more prevalent in,Etiology_AssociatedWith,Liên quan
is more pronounced during,Etiology_AssociatedWith,Liên quan
is more selective than,Etiology_AssociatedWith,Liên quan
is more severe than,Etiology_AssociatedWith,Liên quan
is more specific than,Etiology_AssociatedWith,Liên quan
is more stable than,Etiology_AssociatedWith,Liên quan
is most common in,Etiology_AssociatedWith,Liên quan
is most commonly linked to,Etiology_AssociatedWith,Liên quan
is most commonly seen in,Etiology_AssociatedWith,Liên quan
is most prevalent in,Etiology_AssociatedWith,Liên quan
is mutated in,Genetics_Mutation,Đột biến
is named due to,Etiology_CausedBy,Do nguyên nhân
is necessary between,Anatomy_SpatialRelation,Vị trí tương đối
is necessary due to,Etiology_CausedBy,Do nguyên nhân
is necessary for,Etiology_AssociatedWith,Liên quan
is necessary for the formation of,Etiology_AssociatedWith,Liên quan
is necessary for the synthesis of,Etiology_AssociatedWith,Liên quan
is necessary to,Etiology_AssociatedWith,Liên quan
is necessary to detect,Etiology_AssociatedWith,Liên quan
is necessary to ensure,Etiology_AssociatedWith,Liên quan
is necessary to prevent,Prevention_Prophylaxis,Phòng ngừa
is necessary to understand,Etiology_AssociatedWith,Liên quan
is needed for,Etiology_AssociatedWith,Liên quan
is needed to,Etiology_AssociatedWith,Liên quan
is needed to complete,Etiology_AssociatedWith,Liên quan
is needed to determine,Etiology_AssociatedWith,Liên quan
is needed to elucidate,Etiology_AssociatedWith,Liên quan
is needed to understand,Etiology_AssociatedWith,Liên quan
is no longer considered,Etiology_AssociatedWith,Liên quan
is no longer used due to,Etiology_CausedBy,Do nguyên nhân
is no longer used in,Etiology_AssociatedWith,Liên quan
is not,Etiology_AssociatedWith,Liên quan
is not a,Etiology_AssociatedWith,Liên quan
is not a feature of,Etiology_AssociatedWith,Liên quan
is not a substitute for,Etiology_AssociatedWith,Liên quan
is not active against,Etiology_AssociatedWith,Liên quan
is not affected by,Etiology_AssociatedWith,Liên quan
is not approved by,Regulatory_Status,Trạng thái phê duyệt
is not approved for,Regulatory_Status,Trạng thái phê duyệt
is not approved for use in,Regulatory_Status,Trạng thái phê duyệt
is not associated with,Etiology_AssociatedWith,Liên quan
is not available in,Etiology_AssociatedWith,Liên quan
is not bound to,Etiology_AssociatedWith,Liên quan
is not effective in children with,Treatment_IndicationUse,Điều trị / chỉ định
is not effective in the treatment of,Treatment_IndicationUse,Điều trị / chỉ định
is not recommended during,Safety_ContraindicationAvoid,Chống chỉ định
is not recommended for,Safety_ContraindicationAvoid,Chống chỉ định
is not recommended for monitoring,Safety_ContraindicationAvoid,Chống chỉ định
is not recommended for patients over,Safety_ContraindicationAvoid,Chống chỉ định
is not recommended for patients weighing less than,Safety_ContraindicationAvoid,Chống chỉ định
is not related to,Etiology_AssociatedWith,Liên quan
is not reported to cause,Etiology_AssociatedWith,Liên quan
is not significantly distributed in,Etiology_AssociatedWith,Liên quan
is not studied in,Etiology_AssociatedWith,Liên quan
is not subject to,Etiology_AssociatedWith,Liên quan
is not used to monitor,Treatment_IndicationUse,Điều trị / chỉ định
is not yet approved for,Regulatory_Status,Trạng thái phê duyệt
is noted within,Anatomy_SpatialRelation,Vị trí tương đối
is observed among,Etiology_AssociatedWith,Liên quan
is observed by,Etiology_AssociatedWith,Liên quan
is observed in,Etiology_AssociatedWith,Liên quan
is observed in conjunction with,Etiology_AssociatedWith,Liên quan
is observed on,Etiology_AssociatedWith,Liên quan
is obtained from,Taxonomy_DerivedFrom,Nguồn gốc từ
is occasionally used for,Treatment_IndicationUse,Điều trị / chỉ định
is of interest as a potential treatment for,Treatment_IndicationUse,Điều trị / chỉ định
is of interest to,Etiology_AssociatedWith,Liên quan
is often,Etiology_AssociatedWith,Liên quan
is often accompanied by,Etiology_AssociatedWith,Liên quan
is often associated with,Etiology_AssociatedWith,Liên quan
is often caused by,Etiology_CausedBy,Do nguyên nhân
is often challenging due to,Etiology_CausedBy,Do nguyên nhân
is often characterized by,Clinical_SymptomSign,Triệu chứng
is often comorbid with,Clinical_Comorbidity,Đồng mắc
is often effective in,Treatment_IndicationUse,Điều trị / chỉ định
is often fatal,Etiology_AssociatedWith,Liên quan
is often fatal due to,Etiology_CausedBy,Do nguyên nhân
is often impaired in,Etiology_AssociatedWith,Liên quan
is often located in,Anatomy_LocatedIn,Nằm ở
is often made at,Etiology_AssociatedWith,Liên quan
is often made during,Etiology_AssociatedWith,Liên quan
is often misdiagnosed as,Etiology_AssociatedWith,Liên quan
is often misdiagnosed or undiagnosed due to,Etiology_CausedBy,Do nguyên nhân
is often present with,Clinical_ManifestationPresentation,Biểu hiện
is often referred to as,Alias_Name,Tên khác
is often seen in,Etiology_AssociatedWith,Liên quan
is often the primary cause of,Etiology_AssociatedWith,Liên quan
is often used in combination with,DrugInteraction,Tương tác thuốc
is on,Etiology_AssociatedWith,Liên quan
is one of,Etiology_AssociatedWith,Liên quan
is overexpressed in,Anatomy_ExpressedIn,Biểu hiện ở
is part of,Taxonomy_PartOf,Thành phần của
is part of drug categories,DrugClass_Category,Nhóm thuốc
is part of drug categories including,DrugClass_Category,Nhóm thuốc
is part of the category,Taxonomy_PartOf,Thành phần của
is part of the class,Taxonomy_PartOf,Thành phần của
is part of the class of,Taxonomy_PartOf,Thành phần của
is part of the drug categories,DrugClass_Category,Nhóm thuốc
is part of the drug category,DrugClass_Category,Nhóm thuốc
is partially protein bound in,PK_DistributionProteinBinding,Phân bố & gắn
is particularly used for,Treatment_IndicationUse,Điều trị / chỉ định
is particularly useful in,Etiology_AssociatedWith,Liên quan
is particularly useful in preventing,Etiology_AssociatedWith,Liên quan
is pharmacologically similar to,Etiology_AssociatedWith,Liên quan
is phosphorylated to,Etiology_AssociatedWith,Liên quan
is poorly absorbed due to,PK_Absorption,Hấp thu
is possibly,Etiology_AssociatedWith,Liên quan
is potential as,Etiology_AssociatedWith,Liên quan
is precipitated by,Etiology_AssociatedWith,Liên quan
is predominantly bound to,Epidemiology_Demographics,Hay gặp ở nhóm
is predominantly excreted in,PK_ExcretionClearance,Thải trừ
is preferred over,Etiology_AssociatedWith,Liên quan
is prepared by,Etiology_AssociatedWith,Liên quan
is prepared from,Etiology_AssociatedWith,Liên quan
is prescribed after,Etiology_AssociatedWith,Liên quan
is prescribed for,Etiology_AssociatedWith,Liên quan
is prescribed in combination with,Etiology_AssociatedWith,Liên quan
is prescribed when,Etiology_AssociatedWith,Liên quan
is present in,Clinical_ManifestationPresentation,Biểu hiện
is prevalent during,Etiology_AssociatedWith,Liên quan
is prevalent in,Etiology_AssociatedWith,Liên quan
is prevalent in areas with,Epidemiology_Geography,Theo khu vực
is prevented by,Prevention_Prophylaxis,Phòng ngừa
is prevented from entering,Prevention_Prophylaxis,Phòng ngừa
is previously received with,Etiology_AssociatedWith,Liên quan
is previously treated with,Treatment_IndicationUse,Điều trị / chỉ định
is primarily,Etiology_AssociatedWith,Liên quan
is primarily affecting individuals from,Etiology_AssociatedWith,Liên quan
is primarily bound to,Etiology_AssociatedWith,Liên quan
is primarily caused by,Etiology_CausedBy,Do nguyên nhân
is primarily excreted in,PK_ExcretionClearance,Thải trừ
is primarily found in,Anatomy_LocatedIn,Nằm ở
is primarily in,Etiology_AssociatedWith,Liên quan
is primarily located on,Anatomy_LocatedIn,Nằm ở
is primarily mediated by,Etiology_AssociatedWith,Liên quan
is primarily produced in,Etiology_AssociatedWith,Liên quan
is primarily used as a,Etiology_AssociatedWith,Liên quan
is primarily used for,Treatment_IndicationUse,Điều trị / chỉ định
is primarily used in the treatment of,Treatment_IndicationUse,Điều trị / chỉ định
is primary ingredient in,Etiology_AssociatedWith,Liên quan
is produced by,Taxonomy_ProductOf,Tạo ra bởi
is produced during,Etiology_AssociatedWith,Liên quan
is produced from,Etiology_AssociatedWith,Liên quan
is produced in,Etiology_AssociatedWith,Liên quan
is produced through,Etiology_AssociatedWith,Liên quan
is produced with the help of,Etiology_AssociatedWith,Liên quan
is promising for,Etiology_AssociatedWith,Liên quan
is promoted by,Etiology_AssociatedWith,Liên quan
is proposed as,Etiology_AssociatedWith,Liên quan
is proposed for use in,Etiology_AssociatedWith,Liên quan
is proposed to be more active than,Etiology_AssociatedWith,Liên quan
is protein bound in,PK_DistributionProteinBinding,Phân bố & gắn
is protein bound in plasma,PK_DistributionProteinBinding,Phân bố & gắn
is protein bound to,PK_DistributionProteinBinding,Phân bố & gắn
is protein bound with,PK_DistributionProteinBinding,Phân bố & gắn
is provided by,Etiology_AssociatedWith,Liên quan
is published in,Etiology_AssociatedWith,Liên quan
is rapidly absorbed after,PK_Absorption,Hấp thu
is rapidly absorbed into,PK_Absorption,Hấp thu
is rapidly deacetylated to,PK_Metabolism,Chuyển hóa
is rapidly excreted into,PK_ExcretionClearance,Thải trừ
is rarely used in practice for,Etiology_AssociatedWith,Liên quan
is recognized as,Etiology_AssociatedWith,Liên quan
is recognized by,Etiology_AssociatedWith,Liên quan
is recognized for,Etiology_AssociatedWith,Liên quan
is recognized in,Etiology_AssociatedWith,Liên quan
is recommended along with,Etiology_AssociatedWith,Liên quan
is recommended as a,Etiology_AssociatedWith,Liên quan
is recommended by,Etiology_AssociatedWith,Liên quan
is recommended for,Etiology_AssociatedWith,Liên quan
is recommended starting in,Etiology_AssociatedWith,Liên quan
is recommended to be used in,Etiology_AssociatedWith,Liên quan
is recommended to rule out,Etiology_AssociatedWith,Liên quan
is reduced by,Etiology_AssociatedWith,Liên quan
is reduced to,Etiology_AssociatedWith,Liên quan
is reflected in,Etiology_AssociatedWith,Liên quan
is regenerated in,Etiology_AssociatedWith,Liên quan
is registered in,Regulatory_Status,Trạng thái phê duyệt
is regulated due to,Etiology_CausedBy,Do nguyên nhân
is related to,Etiology_AssociatedWith,Liên quan
is related to mutations in,Genetics_Mutation,Đột biến
is relatively common in,Etiology_AssociatedWith,Liên quan
is relatively low risk compared to,Etiology_AssociatedWith,Liên quan
is relatively preserved in,Etiology_AssociatedWith,Liên quan
is relatively uncommon in,Etiology_AssociatedWith,Liên quan
is released from,Etiology_AssociatedWith,Liên quan
is replaced by,Etiology_AssociatedWith,Liên quan
is reported at,Etiology_AssociatedWith,Liên quan
is reported in,Epidemiology_PrevalenceIncidence,Tần suất mắc
is reported in conjunction with,Epidemiology_PrevalenceIncidence,Tần suất mắc
is reported to be,Etiology_AssociatedWith,Liên quan
is repurposed for the treatment of,Treatment_IndicationUse,Điều trị / chỉ định
is required for,Etiology_AssociatedWith,Liên quan
is required for the actions of,Etiology_AssociatedWith,Liên quan
is required to restore,Etiology_AssociatedWith,Liên quan
is resistant to,Etiology_AssociatedWith,Liên quan
is responsible for,Etiology_AssociatedWith,Liên quan
is responsible for converting,Etiology_AssociatedWith,Liên quan
is responsible for synthesizing,Etiology_AssociatedWith,Liên quan
is responsible for the oxidation of,Etiology_AssociatedWith,Liên quan
is responsive to,Etiology_AssociatedWith,Liên quan
is retained by,Etiology_AssociatedWith,Liên quan
is retained in,Etiology_AssociatedWith,Liên quan
is revealed by,Diagnosis_DiagnosticMethod,Cách chẩn đoán
is secreted by,Etiology_AssociatedWith,Liên quan
is secreted into,Etiology_AssociatedWith,Liên quan
is secreted with,Etiology_AssociatedWith,Liên quan
is seen in,Etiology_AssociatedWith,Liên quan
is seen mainly in,Etiology_AssociatedWith,Liên quan
is selective for,Etiology_AssociatedWith,Liên quan
is sensitive to,Etiology_AssociatedWith,Liên quan
is shown to increase,MoA_ModulationOther,Điều hòa khác
is similar to,Etiology_AssociatedWith,Liên quan
is solid at,Etiology_AssociatedWith,Liên quan
is soluble in,Etiology_AssociatedWith,Liên quan
is sometimes associated with,Etiology_AssociatedWith,Liên quan
is sourced from,Etiology_AssociatedWith,Liên quan
is stable against,Etiology_AssociatedWith,Liên quan
is stable to,Etiology_AssociatedWith,Liên quan
is stable under,Etiology_AssociatedWith,Liên quan
is still being studied for,Regulatory_Status,Trạng thái phê duyệt
is still being studied in,Regulatory_Status,Trạng thái phê duyệt
is still in,Etiology_AssociatedWith,Liên quan
is still occasionally employed with,Etiology_AssociatedWith,Liên quan
is stored in,Etiology_AssociatedWith,Liên quan
is structurally analogous to,Etiology_AssociatedWith,Liên quan
is structurally related to,Etiology_AssociatedWith,Liên quan
is structurally similar to,Taxonomy_VariantOf,Biến thể của
is studied as a preventive measure in,Etiology_AssociatedWith,Liên quan
is studied as a treatment for,Treatment_IndicationUse,Điều trị / chỉ định
is studied for,Etiology_AssociatedWith,Liên quan
is studied in,Etiology_AssociatedWith,Liên quan
is studied in prevention of,Prevention_Prophylaxis,Phòng ngừa
is studied in relation to,Etiology_AssociatedWith,Liên quan
is subject to,Etiology_AssociatedWith,Liên quan
is sufficient for,Etiology_AssociatedWith,Liên quan
is sufficient to cause,Etiology_AssociatedWith,Liên quan
is suggested as,Etiology_AssociatedWith,Liên quan
is suggestive of,Etiology_AssociatedWith,Liên quan
is suitable for,Etiology_AssociatedWith,Liên quan
is superior to,Etiology_AssociatedWith,Liên quan
is susceptible to,Etiology_RiskFactor,Yếu tố nguy cơ
is synthesized by,Taxonomy_ProductOf,Tạo ra bởi
is synthesized from,Taxonomy_ProductOf,Tạo ra bởi
is taken,Etiology_AssociatedWith,Liên quan
is taken up by,Etiology_AssociatedWith,Liên quan
is taken with,Etiology_AssociatedWith,Liên quan
is that of,Etiology_AssociatedWith,Liên quan
is the,Etiology_AssociatedWith,Liên quan
is the 4 epi isomer of,Etiology_AssociatedWith,Liên quan
is the active ingredient in,Etiology_AssociatedWith,Liên quan
is the active metabolite of,Etiology_AssociatedWith,Liên quan
is the cause of,Etiology_AssociatedWith,Liên quan
is the cornerstone of,Etiology_AssociatedWith,Liên quan
is the first,Etiology_AssociatedWith,Liên quan
is the first attachment inhibitor to receive,Etiology_AssociatedWith,Liên quan
is the first member of,Taxonomy_MemberOf,Thuộc nhóm
is the formation of,Etiology_AssociatedWith,Liên quan
is the hallmark of,Etiology_AssociatedWith,Liên quan
is the key regulator of,Etiology_AssociatedWith,Liên quan
is the main mediator of,Etiology_AssociatedWith,Liên quan
is the major active metabolite of,Etiology_AssociatedWith,Liên quan
is the major circulating metabolite of,Etiology_AssociatedWith,Liên quan
is the monophosphate of,Etiology_AssociatedWith,Liên quan
is the morpholinoethyl ester of,Etiology_AssociatedWith,Liên quan
is the most common,Etiology_AssociatedWith,Liên quan
is the most common cause of,Etiology_AssociatedWith,Liên quan
is the most common element on,Etiology_AssociatedWith,Liên quan
is the most common presenting feature of,Etiology_AssociatedWith,Liên quan
is the most commonly occurring,Etiology_AssociatedWith,Liên quan
is the most commonly used,Etiology_AssociatedWith,Liên quan
is the most effective treatment for,Treatment_IndicationUse,Điều trị / chỉ định
is the most frequent cause of,Etiology_AssociatedWith,Liên quan
is the most frequent ocular abnormality in,Etiology_AssociatedWith,Liên quan
is the most frequently affected site of,Etiology_AssociatedWith,Liên quan
is the most severe presentation of,Etiology_AssociatedWith,Liên quan
is the only potentially curative approach for,Etiology_AssociatedWith,Liên quan
is the only specific treatment for,Treatment_IndicationUse,Điều trị / chỉ định
is the precursor molecule to,Etiology_AssociatedWith,Liên quan
is the primary active metabolite of,Etiology_AssociatedWith,Liên quan
is the primary circulating estrogen after,Etiology_AssociatedWith,Liên quan
is the primary genetic cause of,Etiology_AssociatedWith,Liên quan
is the primary psychoactive component of,Taxonomy_PartOf,Thành phần của
is the r enantiomer of,Taxonomy_VariantOf,Biến thể của
is the reference drug for,Etiology_AssociatedWith,Liên quan
is the sodium salt of,Etiology_AssociatedWith,Liên quan
is the specific clotting factor deficient in,Etiology_AssociatedWith,Liên quan
is the standard treatment for,Treatment_IndicationUse,Điều trị / chỉ định
is the trade name for,Alias_Name,Tên khác
is the treatment of choice for,Treatment_IndicationUse,Điều trị / chỉ định
is the year of,Etiology_AssociatedWith,Liên quan
is the year of publication for,Etiology_AssociatedWith,Liên quan
is thought to act as a functional agonist in,MoA_AgonistAntagonist,Kích/khóa thụ thể
is thought to act on,Etiology_AssociatedWith,Liên quan
is thought to arise from,Etiology_AssociatedWith,Liên quan
is thought to be,Etiology_AssociatedWith,Liên quan
is thought to be a result of,Etiology_AssociatedWith,Liên quan
is thought to be caused by,Etiology_CausedBy,Do nguyên nhân
is thought to be less common in,Epidemiology_Demographics,Hay gặp ở nhóm
is thought to be more common in,Epidemiology_Demographics,Hay gặp ở nhóm
is thought to be related to,Etiology_AssociatedWith,Liên quan
is thought to cause,Etiology_AssociatedWith,Liên quan
is thought to confer resistance to,Etiology_AssociatedWith,Liên quan
is thought to contribute to,Etiology_AssociatedWith,Liên quan
is thought to exert effects at,Etiology_AssociatedWith,Liên quan
is thought to involve,Etiology_AssociatedWith,Liên quan
is thought to result from,Etiology_CausedBy,Do nguyên nhân
is to achieve,Etiology_AssociatedWith,Liên quan
is to improve,Etiology_AssociatedWith,Liên quan
is to minimize,Etiology_AssociatedWith,Liên quan
is transmitted as,Etiology_AssociatedWith,Liên quan
is transmitted through,Etiology_AssociatedWith,Liên quan
is transported by,Etiology_AssociatedWith,Liên quan
is transported into,Etiology_AssociatedWith,Liên quan
is transported into cells by,Etiology_AssociatedWith,Liên quan
is transported into cells through,Etiology_AssociatedWith,Liên quan
is transported into the cell through,Etiology_AssociatedWith,Liên quan
is transported to a lesser extent by,Etiology_AssociatedWith,Liên quan
is transported via,Etiology_AssociatedWith,Liên quan
is treated by,Treatment_IndicationUse,Điều trị / chỉ định
is treated in,Treatment_IndicationUse,Điều trị / chỉ định
is treated with,Treatment_IndicationUse,Điều trị / chỉ định
is triggered by,Etiology_TriggerExacerbating,Kích hoạt / làm nặng
is type of,Taxonomy_IsA,Là loại
is typically,Etiology_AssociatedWith,Liên quan
is typically absent in,Etiology_AssociatedWith,Liên quan
is typically apparent at,Etiology_AssociatedWith,Liên quan
is typically confined to,Etiology_AssociatedWith,Liên quan
is typically diagnosed at,Diagnosis_DiagnosticMethod,Cách chẩn đoán
is typically identified at,Etiology_AssociatedWith,Liên quan
is typically located just distal to,Anatomy_SpatialRelation,Vị trí tương đối
is typically managed,Treatment_ManagementCare,Theo dõi / chăm sóc
is typically present at,Clinical_ManifestationPresentation,Biểu hiện
is typically prevalent in,Etiology_AssociatedWith,Liên quan
is typically reported in,Epidemiology_PrevalenceIncidence,Tần suất mắc
is typically seen in,Etiology_AssociatedWith,Liên quan
is typified by,Etiology_AssociatedWith,Liên quan
is unable to transport,Etiology_AssociatedWith,Liên quan
is under,Etiology_AssociatedWith,Liên quan
is under investigation for,Regulatory_Status,Trạng thái phê duyệt
is undergoing,Etiology_AssociatedWith,Liên quan
is unlike,Etiology_AssociatedWith,Liên quan
is unresponsive to,Etiology_AssociatedWith,Liên quan
is used adjunctively for,Etiology_AssociatedWith,Liên quan
is used as,Etiology_AssociatedWith,Liên quan
is used as a,Etiology_AssociatedWith,Liên quan
is used as a cofactor for,Etiology_AssociatedWith,Liên quan
is used as a component of,Taxonomy_PartOf,Thành phần của
is used as a dietary supplement for,Etiology_AssociatedWith,Liên quan
is used as a palliative in,Etiology_AssociatedWith,Liên quan
is used as a precursor in,Etiology_AssociatedWith,Liên quan
is used as a preservative in,Etiology_AssociatedWith,Liên quan
is used as a treatment for,Treatment_IndicationUse,Điều trị / chỉ định
is used as adjunct therapy for,Treatment_IndicationUse,Điều trị / chỉ định
is used as adjunctive therapy to,Treatment_IndicationUse,Điều trị / chỉ định
is used as an,Etiology_AssociatedWith,Liên quan
is used as an adjunct to,Etiology_AssociatedWith,Liên quan
is used as an adjuvant therapy for,Treatment_IndicationUse,Điều trị / chỉ định
is used as an antidote against,Etiology_AssociatedWith,Liên quan
is used at a target dose range of,Treatment_DoseRegimen,Liều dùng
is used by,Etiology_AssociatedWith,Liên quan
is used during,Etiology_AssociatedWith,Liên quan
is used externally to,Etiology_AssociatedWith,Liên quan
is used for,Treatment_IndicationUse,Điều trị / chỉ định
is used for patients co infected with,Treatment_IndicationUse,Điều trị / chỉ định
is used for the prevention of,Treatment_IndicationUse,Điều trị / chỉ định
is used for the therapy of,Treatment_IndicationUse,Điều trị / chỉ định
is used for the treatment of,Treatment_IndicationUse,Điều trị / chỉ định
is used for treating,Treatment_IndicationUse,Điều trị / chỉ định
is used for treating bacterial infections in,Treatment_IndicationUse,Điều trị / chỉ định
is used for treatment of,Treatment_IndicationUse,Điều trị / chỉ định
is used in,Etiology_AssociatedWith,Liên quan
is used in combination with,DrugInteraction,Tương tác thuốc
is used in conditions such as,Etiology_AssociatedWith,Liên quan
is used in conjunction with,Etiology_AssociatedWith,Liên quan
is used in patients on,Etiology_AssociatedWith,Liên quan
is used in patients weighing,Etiology_AssociatedWith,Liên quan
is used in patients with,Etiology_AssociatedWith,Liên quan
is used in the management of,Treatment_ManagementCare,Theo dõi / chăm sóc
is used in the treatment of,Treatment_IndicationUse,Điều trị / chỉ định
is used in treatment for,Treatment_IndicationUse,Điều trị / chỉ định
is used in women,Etiology_AssociatedWith,Liên quan
is used internally to check,Etiology_AssociatedWith,Liên quan
is used medically in,Etiology_AssociatedWith,Liên quan
is used off label in the treatment of,Treatment_IndicationUse,Điều trị / chỉ định
is used over the counter for,Etiology_AssociatedWith,Liên quan
is used primarily in,Etiology_AssociatedWith,Liên quan
is used to,Treatment_IndicationUse,Điều trị / chỉ định
is used to alleviate,Treatment_IndicationUse,Điều trị / chỉ định
is used to assess,Treatment_IndicationUse,Điều trị / chỉ định
is used to control,Treatment_IndicationUse,Điều trị / chỉ định
is used to correct,Treatment_IndicationUse,Điều trị / chỉ định
is used to decrease,Treatment_IndicationUse,Điều trị / chỉ định
is used to determine,Treatment_IndicationUse,Điều trị / chỉ định
is used to establish,Treatment_IndicationUse,Điều trị / chỉ định
is used to improve,Treatment_IndicationUse,Điều trị / chỉ định
is used to increase,Treatment_IndicationUse,Điều trị / chỉ định
is used to lower,Treatment_IndicationUse,Điều trị / chỉ định
is used to maintain,Treatment_IndicationUse,Điều trị / chỉ định
is used to manage,Treatment_IndicationUse,Điều trị / chỉ định
is used to measure,Treatment_IndicationUse,Điều trị / chỉ định
is used to prepare,Treatment_IndicationUse,Điều trị / chỉ định
is used to prevent,Treatment_IndicationUse,Điều trị / chỉ định
is used to prevent and treat,Treatment_IndicationUse,Điều trị / chỉ định
is used to produce regression in,Treatment_IndicationUse,Điều trị / chỉ định
is used to reduce the risk of,Treatment_IndicationUse,Điều trị / chỉ định
is used to relieve,Treatment_IndicationUse,Điều trị / chỉ định
is used to replace,Treatment_IndicationUse,Điều trị / chỉ định
is used to treat,Treatment_IndicationUse,Điều trị / chỉ định
is used topically for,Etiology_AssociatedWith,Liên quan
is used with,Etiology_AssociatedWith,Liên quan
is used with caution in patients with,Safety_WarningCaution,Cảnh báo
is useful for,Etiology_AssociatedWith,Liên quan
is useful for treating,Etiology_AssociatedWith,Liên quan
is useful in,Etiology_AssociatedWith,Liên quan
is useful in managing,Etiology_AssociatedWith,Liên quan
is useful in patients with,Etiology_AssociatedWith,Liên quan
is useful in treating,Etiology_AssociatedWith,Liên quan
is usually,Etiology_AssociatedWith,Liên quan
is usually dosed,Treatment_DoseRegimen,Liều dùng
is valuable for,Etiology_AssociatedWith,Liên quan
is valuable in,Etiology_AssociatedWith,Liên quan
is very rare in,Epidemiology_PrevalenceIncidence,Tần suất mắc
is veterinary approved,Regulatory_Status,Trạng thái phê duyệt
is warranted to,Etiology_AssociatedWith,Liên quan
is warranted to understand,Etiology_AssociatedWith,Liên quan
is well absorbed when taken,PK_Absorption,Hấp thu
is well tolerated,Etiology_AssociatedWith,Liên quan
is well tolerated with,Etiology_AssociatedWith,Liên quan
is where,Etiology_AssociatedWith,Liên quan
is widely distributed into,PK_DistributionProteinBinding,Phân bố & gắn
is widely prescribed in,Etiology_AssociatedWith,Liên quan
is widely used as,Etiology_AssociatedWith,Liên quan
is withdrawn due to,Regulatory_Status,Trạng thái phê duyệt
is withdrawn for,Regulatory_Status,Trạng thái phê duyệt
is within,Anatomy_SpatialRelation,Vị trí tương đối
isolated from,Taxonomy_DerivedFrom,Nguồn gốc từ
it is essential to,Etiology_AssociatedWith,Liên quan
kills,Etiology_AssociatedWith,Liên quan
laboratory tests show,Diagnosis_LabFinding,Xét nghiệm
lack,Etiology_AssociatedWith,Liên quan
lacks,Etiology_AssociatedWith,Liên quan
lacks understanding regarding,Etiology_AssociatedWith,Liên quan
last from,Etiology_AssociatedWith,Liên quan
last less than,Etiology_AssociatedWith,Liên quan
last recorded description in,Etiology_AssociatedWith,Liên quan
last reported cases in,Etiology_AssociatedWith,Liên quan
lasts for,Temporal_DurationResolution,Thời gian / hồi phục
launched,Etiology_AssociatedWith,Liên quan
launched in,Etiology_AssociatedWith,Liên quan
lead to,Etiology_AssociatedWith,Liên quan
lead to changes in,Etiology_AssociatedWith,Liên quan
leads to,Etiology_AssociatedWith,Liên quan
leads to a decrease in,MoA_ModulationOther,Điều hòa khác
leads to a reduction in,Etiology_AssociatedWith,Liên quan
leads to an increase in,MoA_ModulationOther,Điều hòa khác
leads to changes in,Etiology_AssociatedWith,Liên quan
leads to decreased prostaglandin synthesis in,Etiology_AssociatedWith,Liên quan
leads to decreases in,MoA_ModulationOther,Điều hòa khác
leads to depletion of,Etiology_AssociatedWith,Liên quan
leads to effects such as,Etiology_AssociatedWith,Liên quan
leads to elevation of,Etiology_AssociatedWith,Liên quan
leads to increased,Etiology_AssociatedWith,Liên quan
leads to increased levels of,Etiology_AssociatedWith,Liên quan
leads to modification in,Etiology_AssociatedWith,Liên quan
leads to paralysis of,Etiology_AssociatedWith,Liên quan
leads to relaxation of,Etiology_AssociatedWith,Liên quan
leads to the,Etiology_AssociatedWith,Liên quan
leads to the death of,Etiology_AssociatedWith,Liên quan
leads to the formation of,Etiology_AssociatedWith,Liên quan
leads to the growth and development of,Etiology_AssociatedWith,Liên quan
leads to the inhibition of,Etiology_AssociatedWith,Liên quan
leads to the production of,Etiology_AssociatedWith,Liên quan
leads to the release of,Etiology_AssociatedWith,Liên quan
lengthens,Etiology_AssociatedWith,Liên quan
levels are,Diagnosis_LabFinding,Xét nghiệm
levels in bones,Etiology_AssociatedWith,Liên quan
levels in urine,PK_ExcretionClearance,Thải trừ
levels usually normalize within,Anatomy_SpatialRelation,Vị trí tương đối
limits,Etiology_AssociatedWith,Liên quan
limits the amount of,Etiology_AssociatedWith,Liên quan
limits the gamma carboxylation of,Etiology_AssociatedWith,Liên quan
limits the spread of,Etiology_AssociatedWith,Liên quan
limits transport of,Etiology_AssociatedWith,Liên quan
listed,Etiology_AssociatedWith,Liên quan
liver transplantation may be necessary to prevent,Prevention_Prophylaxis,Phòng ngừa
localized in high levels in,Etiology_AssociatedWith,Liên quan
localizes in,Etiology_AssociatedWith,Liên quan
located at,Etiology_AssociatedWith,Liên quan
located between,Anatomy_SpatialRelation,Vị trí tương đối
located in,Anatomy_LocatedIn,Nằm ở
located on,Anatomy_LocatedIn,Nằm ở
loses,Etiology_AssociatedWith,Liên quan
lowers,Etiology_AssociatedWith,Liên quan
lowers blood pressure by antagonizing,Etiology_AssociatedWith,Liên quan
main complication is,Clinical_Complication,Biến chứng
maintains,Etiology_AssociatedWith,Liên quan
maintains stature within,Anatomy_SpatialRelation,Vị trí tương đối
makes it difficult for,Etiology_AssociatedWith,Liên quan
makes males,Etiology_AssociatedWith,Liên quan
manage,Treatment_ManagementCare,Theo dõi / chăm sóc
managed by,Treatment_ManagementCare,Theo dõi / chăm sóc
management focuses on,Treatment_ManagementCare,Theo dõi / chăm sóc
management includes,Treatment_ManagementCare,Theo dõi / chăm sóc
management involves,Treatment_ManagementCare,Theo dõi / chăm sóc
management is,Treatment_ManagementCare,Theo dõi / chăm sóc
management is problematic due to,Treatment_ManagementCare,Theo dõi / chăm sóc
management may include,Treatment_ManagementCare,Theo dõi / chăm sóc
management may involve,Treatment_ManagementCare,Theo dõi / chăm sóc
management strategies include,Treatment_ManagementCare,Theo dõi / chăm sóc
manages,Treatment_ManagementCare,Theo dõi / chăm sóc
manages symptoms associated with,Treatment_ManagementCare,Theo dõi / chăm sóc
manages symptoms related to,Treatment_ManagementCare,Theo dõi / chăm sóc
manages symptoms with,Treatment_ManagementCare,Theo dõi / chăm sóc
manages with,Treatment_ManagementCare,Theo dõi / chăm sóc
manifest,Clinical_ManifestationPresentation,Biểu hiện
manifest as,Clinical_ManifestationPresentation,Biểu hiện
manifest differently than,Clinical_ManifestationPresentation,Biểu hiện
manifests,Clinical_ManifestationPresentation,Biểu hiện
manifests after,Clinical_ManifestationPresentation,Biểu hiện
manifests as,Clinical_ManifestationPresentation,Biểu hiện
manifests at,Clinical_ManifestationPresentation,Biểu hiện
manifests at around,Clinical_ManifestationPresentation,Biểu hiện
manifests between,Clinical_ManifestationPresentation,Biểu hiện
manifests clinically with,Clinical_ManifestationPresentation,Biểu hiện
manifests during,Clinical_ManifestationPresentation,Biểu hiện
manifests in,Clinical_ManifestationPresentation,Biểu hiện
manifests in areas including,Clinical_ManifestationPresentation,Biểu hiện
manifests in individuals with,Clinical_ManifestationPresentation,Biểu hiện
manifests shortly after,Clinical_ManifestationPresentation,Biểu hiện
manifests with,Clinical_ManifestationPresentation,Biểu hiện
manifests with symptoms such as,Clinical_ManifestationPresentation,Biểu hiện
maps to,Etiology_AssociatedWith,Liên quan
marked by,Clinical_SymptomSign,Triệu chứng
marketed as,Etiology_AssociatedWith,Liên quan
marketed by,Etiology_AssociatedWith,Liên quan
markets imatinib as,Etiology_AssociatedWith,Liên quan
maximum recommended dose is,Treatment_DoseRegimen,Liều dùng
may account for,Etiology_AssociatedWith,Liên quan
may act as a,Etiology_AssociatedWith,Liên quan
may act on,Etiology_AssociatedWith,Liên quan
may address,Etiology_AssociatedWith,Liên quan
may affect,Etiology_AssociatedWith,Liên quan
may aid in the prevention of,Prevention_Prophylaxis,Phòng ngừa
may also be,Etiology_AssociatedWith,Liên quan
may also be present in,Clinical_ManifestationPresentation,Biểu hiện
may also include,Etiology_AssociatedWith,Liên quan
may alter,Etiology_AssociatedWith,Liên quan
may appear as,Etiology_AssociatedWith,Liên quan
may appear at,Etiology_AssociatedWith,Liên quan
may appear on,Etiology_AssociatedWith,Liên quan
may arise as,Etiology_AssociatedWith,Liên quan
may arise from,Etiology_AssociatedWith,Liên quan
may be,Etiology_AssociatedWith,Liên quan
may be a form of,Etiology_AssociatedWith,Liên quan
may be accompanied by,Etiology_AssociatedWith,Liên quan
may be administered,Etiology_AssociatedWith,Liên quan
may be associated with,Etiology_AssociatedWith,Liên quan
may be beneficial for,Etiology_AssociatedWith,Liên quan
may be beneficial in,Etiology_AssociatedWith,Liên quan
may be caused by,Etiology_CausedBy,Do nguyên nhân
may be combined with,DrugInteraction,Tương tác thuốc
may be complicated by,Clinical_Complication,Biến chứng
may be confused with,Etiology_AssociatedWith,Liên quan
may be considered as,Etiology_AssociatedWith,Liên quan
may be considered at,Etiology_AssociatedWith,Liên quan
may be considered for,Etiology_AssociatedWith,Liên quan
may be considered under,Etiology_AssociatedWith,Liên quan
may be contraindicated in,Safety_ContraindicationAvoid,Chống chỉ định
may be contributed to by,Etiology_AssociatedWith,Liên quan
may be detected through,Diagnosis_DiagnosticMethod,Cách chẩn đoán
may be diagnosed at,Diagnosis_DiagnosticMethod,Cách chẩn đoán
may be diagnosed based on,Diagnosis_DiagnosticMethod,Cách chẩn đoán
may be diagnosed later in,Diagnosis_DiagnosticMethod,Cách chẩn đoán
may be due to,Etiology_CausedBy,Do nguyên nhân
may be elected in,Etiology_AssociatedWith,Liên quan
may be elevated in,Diagnosis_LabFinding,Xét nghiệm
may be employed as,Etiology_AssociatedWith,Liên quan
may be employed for,Etiology_AssociatedWith,Liên quan
may be employed to,Etiology_AssociatedWith,Liên quan
may be evident in,Etiology_AssociatedWith,Liên quan
may be feasible through,Etiology_AssociatedWith,Liên quan
may be given,Etiology_AssociatedWith,Liên quan
may be identical or closely related to,Etiology_AssociatedWith,Liên quan
may be influenced by,Etiology_AssociatedWith,Liên quan
may be inherited as,Genetics_InheritanceCarrier,Di truyền
may be inherited or result from,Genetics_InheritanceCarrier,Di truyền
may be linked to,Etiology_AssociatedWith,Liên quan
may be managed by,Treatment_ManagementCare,Theo dõi / chăm sóc
may be marked by,Clinical_SymptomSign,Triệu chứng
may be misaligned in,Etiology_AssociatedWith,Liên quan
may be misclassified as,Etiology_AssociatedWith,Liên quan
may be more challenging to manage than,Treatment_ManagementCare,Theo dõi / chăm sóc
may be necessary for,Etiology_AssociatedWith,Liên quan
may be necessary in,Etiology_AssociatedWith,Liên quan
may be necessary to,Etiology_AssociatedWith,Liên quan
may be necessary to alleviate,Etiology_AssociatedWith,Liên quan
may be necessary to compensate for,Etiology_AssociatedWith,Liên quan
may be necessary to correct,Etiology_AssociatedWith,Liên quan
may be necessary to prevent,Prevention_Prophylaxis,Phòng ngừa
may be necessary to remove,Etiology_AssociatedWith,Liên quan
may be necessary when,Etiology_AssociatedWith,Liên quan
may be noted in,Etiology_AssociatedWith,Liên quan
may be part of,Taxonomy_PartOf,Thành phần của
may be performed to check for,Etiology_AssociatedWith,Liên quan
may be possible through,Etiology_AssociatedWith,Liên quan
may be precipitated by,Etiology_AssociatedWith,Liên quan
may be prescribed for,Etiology_AssociatedWith,Liên quan
may be prescribed to,Etiology_AssociatedWith,Liên quan
may be prescribed to manage,Treatment_ManagementCare,Theo dõi / chăm sóc
may be present at,Clinical_ManifestationPresentation,Biểu hiện
may be present in,Clinical_ManifestationPresentation,Biểu hiện
may be present with,Clinical_ManifestationPresentation,Biểu hiện
may be proposed for,Etiology_AssociatedWith,Liên quan
may be referred to as,Alias_Name,Tên khác
may be related to,Etiology_AssociatedWith,Liên quan
may be required for,Etiology_AssociatedWith,Liên quan
may be treated by,Treatment_IndicationUse,Điều trị / chỉ định
may be treated with,Treatment_IndicationUse,Điều trị / chỉ định
may be triggered by,Etiology_TriggerExacerbating,Kích hoạt / làm nặng
may be used in,Etiology_AssociatedWith,Liên quan
may be used in combination with,DrugInteraction,Tương tác thuốc
may be used in the treatment of,Treatment_IndicationUse,Điều trị / chỉ định
may be used to,Treatment_IndicationUse,Điều trị / chỉ định
may be used to correct,Treatment_IndicationUse,Điều trị / chỉ định
may be used to manage,Treatment_IndicationUse,Điều trị / chỉ định
may be used to prevent infections before,Treatment_IndicationUse,Điều trị / chỉ định
may be used to prevent infections during travel to areas where,Treatment_IndicationUse,Điều trị / chỉ định
may be useful against,Etiology_AssociatedWith,Liên quan
may become,Etiology_AssociatedWith,Liên quan
may become bedridden,Etiology_AssociatedWith,Liên quan
may benefit,Etiology_AssociatedWith,Liên quan
may benefit from,Etiology_AssociatedWith,Liên quan
may bind to,MoA_BindingAffinity,Gắn kết
may cause,Etiology_AssociatedWith,Liên quan
may cause serious side effects such as,Safety_AdverseEffect,Tác dụng phụ
may co occur with,Clinical_Comorbidity,Đồng mắc
may compromise,Etiology_AssociatedWith,Liên quan
may consider,Etiology_AssociatedWith,Liên quan
may contribute to,Etiology_AssociatedWith,Liên quan
may damage,Etiology_AssociatedWith,Liên quan
may decrease,MoA_ModulationOther,Điều hòa khác
may develop,Etiology_AssociatedWith,Liên quan
may develop additional symptoms including,Clinical_SymptomSign,Triệu chứng
may develop during,Etiology_AssociatedWith,Liên quan
may develop later in,Etiology_AssociatedWith,Liên quan
may display,Etiology_AssociatedWith,Liên quan
may display symptoms of,Clinical_SymptomSign,Triệu chứng
may downregulate,Etiology_AssociatedWith,Liên quan
may emerge after,Etiology_AssociatedWith,Liên quan
may exacerbate,Etiology_AssociatedWith,Liên quan
may exhibit,Etiology_AssociatedWith,Liên quan
may exhibit comorbidities including,Etiology_AssociatedWith,Liên quan
may exhibit signs of,Clinical_SymptomSign,Triệu chứng
may exhibit signs such as,Clinical_SymptomSign,Triệu chứng
may exhibit symptoms from,Clinical_SymptomSign,Triệu chứng
may exhibit symptoms of,Clinical_SymptomSign,Triệu chứng
may exhibit symptoms such as,Clinical_SymptomSign,Triệu chứng
may experience,Etiology_AssociatedWith,Liên quan
may experience clinical symptoms such as,Clinical_SymptomSign,Triệu chứng
may experience complications such as,Etiology_AssociatedWith,Liên quan
may experience episodes of,Etiology_AssociatedWith,Liên quan
may experience symptoms such as,Clinical_SymptomSign,Triệu chứng
may extend into,Etiology_AssociatedWith,Liên quan
may extend to,Etiology_AssociatedWith,Liên quan
may feature,Etiology_AssociatedWith,Liên quan
may follow,Etiology_AssociatedWith,Liên quan
may have,Etiology_AssociatedWith,Liên quan
may have a genetic factor,Etiology_AssociatedWith,Liên quan
may have a half life of,PK_DistributionProteinBinding,Phân bố & gắn
may have a prolonged elimination t1 2 in patients with,PK_ExcretionClearance,Thải trừ
may have a role in,Etiology_AssociatedWith,Liên quan
may have activities for,Etiology_AssociatedWith,Liên quan
may have an identified cause such as,Etiology_AssociatedWith,Liên quan
may have applications in,Etiology_AssociatedWith,Liên quan
may have associated anomalies,Etiology_AssociatedWith,Liên quan
may have complications including,Etiology_AssociatedWith,Liên quan
may have different efficacy in,Etiology_AssociatedWith,Liên quan
may have lower peak bone mass than,Etiology_AssociatedWith,Liên quan
may have potential uses in,Etiology_AssociatedWith,Liên quan
may have therapeutic potential in,Etiology_AssociatedWith,Liên quan
may have underlying,Etiology_AssociatedWith,Liên quan
may have underlying conditions like,Etiology_AssociatedWith,Liên quan
may help alleviate,Etiology_AssociatedWith,Liên quan
may help prevent,Prevention_Prophylaxis,Phòng ngừa
may help reduce,MoA_ModulationOther,Điều hòa khác
may help reduce the risk of,Prevention_Prophylaxis,Phòng ngừa
may help to prevent or treat,Treatment_IndicationUse,Điều trị / chỉ định
may improve,Etiology_AssociatedWith,Liên quan
may include,Etiology_AssociatedWith,Liên quan
may include complications such as,Clinical_Complication,Biến chứng
may include features such as,Etiology_AssociatedWith,Liên quan
may include signs of,Clinical_SymptomSign,Triệu chứng
may include symptoms like,Clinical_SymptomSign,Triệu chứng
may include symptoms such as,Clinical_SymptomSign,Triệu chứng
may include variable signs such as,Clinical_SymptomSign,Triệu chứng
may increase,MoA_ModulationOther,Điều hòa khác
may increase risk of,MoA_ModulationOther,Điều hòa khác
may increase side effects of,Safety_AdverseEffect,Tác dụng phụ
may increase susceptibility to,MoA_ModulationOther,Điều hòa khác
may increase the risk of,MoA_ModulationOther,Điều hòa khác
may influence,Etiology_AssociatedWith,Liên quan
may inform,Etiology_AssociatedWith,Liên quan
may inhibit,MoA_InhibitionBlockade,Ức chế
may interact with,DrugInteraction,Tương tác thuốc
may interfere with,MoA_ModulationOther,Điều hòa khác
may invade,Etiology_AssociatedWith,Liên quan
may involve,Etiology_AssociatedWith,Liên quan
may involve the inhibition of,Etiology_AssociatedWith,Liên quan
may lead to,Etiology_AssociatedWith,Liên quan
may lead to benefits in,Etiology_AssociatedWith,Liên quan
may lead to complications such as,Etiology_AssociatedWith,Liên quan
may live for,Etiology_AssociatedWith,Liên quan
may manifest as,Clinical_ManifestationPresentation,Biểu hiện
may manifest with,Clinical_ManifestationPresentation,Biểu hiện
may manifest with features of,Clinical_ManifestationPresentation,Biểu hiện
may mask signs of,Clinical_SymptomSign,Triệu chứng
may mediate its antihypertensive mechanism through,Etiology_AssociatedWith,Liên quan
may metastasize to,Temporal_Progression,Tiến triển
may not be diagnosed until,Diagnosis_DiagnosticMethod,Cách chẩn đoán
may not directly measure,Etiology_AssociatedWith,Liên quan
may occur,Etiology_AssociatedWith,Liên quan
may occur as,Etiology_AssociatedWith,Liên quan
may occur as part of,Taxonomy_PartOf,Thành phần của
may occur by central action on,Etiology_AssociatedWith,Liên quan
may occur due to,Etiology_CausedBy,Do nguyên nhân
may occur secondary to,Etiology_AssociatedWith,Liên quan
may occur with,Etiology_AssociatedWith,Liên quan
may offer,Etiology_AssociatedWith,Liên quan
may or may not be present in,Clinical_ManifestationPresentation,Biểu hiện
may portend,Etiology_AssociatedWith,Liên quan
may precipitate or worsen,Etiology_AssociatedWith,Liên quan
may predispose,Etiology_AssociatedWith,Liên quan
may present in,Clinical_ManifestationPresentation,Biểu hiện
may present with,Clinical_ManifestationPresentation,Biểu hiện
may present with symptoms such as,Clinical_ManifestationPresentation,Biểu hiện
may prevent,Prevention_Prophylaxis,Phòng ngừa
may produce,Etiology_AssociatedWith,Liên quan
may progress,Temporal_Progression,Tiến triển
may progress to,Temporal_Progression,Tiến triển
may range from,Etiology_AssociatedWith,Liên quan
may rarely appear on,Etiology_AssociatedWith,Liên quan
may rarely be,Etiology_AssociatedWith,Liên quan
may rarely present with,Clinical_ManifestationPresentation,Biểu hiện
may recommend,Etiology_AssociatedWith,Liên quan
may reduce,MoA_ModulationOther,Điều hòa khác
may reduce the risk of,Prevention_Prophylaxis,Phòng ngừa
may remain,Etiology_AssociatedWith,Liên quan
may require,Etiology_AssociatedWith,Liên quan
may require medications such as,Etiology_AssociatedWith,Liên quan
may require treatment with,Treatment_IndicationUse,Điều trị / chỉ định
may resemble,Etiology_AssociatedWith,Liên quan
may restore,Etiology_AssociatedWith,Liên quan
may result from,Etiology_CausedBy,Do nguyên nhân
may result in,Etiology_AssociatedWith,Liên quan
may result in binding by,MoA_BindingAffinity,Gắn kết
may reveal,Etiology_AssociatedWith,Liên quan
may show,Etiology_AssociatedWith,Liên quan
may suppress biosynthesis of,Etiology_AssociatedWith,Liên quan
may target,Etiology_AssociatedWith,Liên quan
may treat,Treatment_IndicationUse,Điều trị / chỉ định
may trigger,Etiology_AssociatedWith,Liên quan
may use,Etiology_AssociatedWith,Liên quan
may vary depending on,Etiology_AssociatedWith,Liên quan
may worsen in response to,Etiology_AssociatedWith,Liên quan
may worsen over time with,Etiology_AssociatedWith,Liên quan
measures,Etiology_AssociatedWith,Liên quan
measures up to,Etiology_AssociatedWith,Liên quan
mechanism of action involves,Etiology_AssociatedWith,Liên quan
mechanism of action is similar to,Etiology_AssociatedWith,Liên quan
mediate,Etiology_AssociatedWith,Liên quan
mediate changes in,Etiology_AssociatedWith,Liên quan
mediates,Etiology_AssociatedWith,Liên quan
mediates action by,Etiology_AssociatedWith,Liên quan
mediates actions by enhancement of,Etiology_AssociatedWith,Liên quan
mediates actions on,Etiology_AssociatedWith,Liên quan
mediates effects through,Etiology_AssociatedWith,Liên quan
mediates pharmacodynamics through,Etiology_AssociatedWith,Liên quan
merged with,Etiology_AssociatedWith,Liên quan
metabolized by,PK_Metabolism,Chuyển hóa
metabolized to,PK_Metabolism,Chuyển hóa
might not cause,Etiology_AssociatedWith,Liên quan
mimics,MoA_ModulationOther,Điều hòa khác
mimics actions of,MoA_ModulationOther,Điều hòa khác
mimics the action of,MoA_ModulationOther,Điều hòa khác
minimize,Etiology_AssociatedWith,Liên quan
minimizes,Etiology_AssociatedWith,Liên quan
mitigate,Etiology_AssociatedWith,Liên quan
mitigates,Etiology_AssociatedWith,Liên quan
modifies,Etiology_AssociatedWith,Liên quan
modifies the activity of,Etiology_AssociatedWith,Liên quan
modifies the metabolism of,Etiology_AssociatedWith,Liên quan
modulate,MoA_ModulationOther,Điều hòa khác
modulates,MoA_ModulationOther,Điều hòa khác
modulates effects of,MoA_ModulationOther,Điều hòa khác
modulates the action of,MoA_ModulationOther,Điều hòa khác
modulates the release of,MoA_ModulationOther,Điều hòa khác
monitor,Treatment_ManagementCare,Theo dõi / chăm sóc
monitors for,Etiology_AssociatedWith,Liên quan
most cases reported in,Epidemiology_PrevalenceIncidence,Tần suất mắc
must be,Etiology_AssociatedWith,Liên quan
must be monitored in,Etiology_AssociatedWith,Liên quan
must be treated,Treatment_IndicationUse,Điều trị / chỉ định
must be used under,Etiology_AssociatedWith,Liên quan
must be used with,Safety_WarningCaution,Cảnh báo
must enroll in,Etiology_AssociatedWith,Liên quan
mutation is responsible for,Genetics_Mutation,Đột biến
necessitate,Etiology_AssociatedWith,Liên quan
necessitates,Etiology_AssociatedWith,Liên quan
need,Etiology_AssociatedWith,Liên quan
needs,Etiology_AssociatedWith,Liên quan
needs further,Etiology_AssociatedWith,Liên quan
needs further research for,Etiology_AssociatedWith,Liên quan
needs further research to,Etiology_AssociatedWith,Liên quan
needs further research to characterize,Etiology_AssociatedWith,Liên quan
needs further research to understand,Etiology_AssociatedWith,Liên quan
neutralizes,MoA_InhibitionBlockade,Ức chế
no specific treatment for,Treatment_IndicationUse,Điều trị / chỉ định
normalizes,Etiology_AssociatedWith,Liên quan
normalizes dopamine activity in,Etiology_AssociatedWith,Liên quan
not yet approved by,Regulatory_Status,Trạng thái phê duyệt
observed on,Etiology_AssociatedWith,Liên quan
obstruct,Etiology_AssociatedWith,Liên quan
obtained,Etiology_AssociatedWith,Liên quan
occasionally accompanied by,Etiology_AssociatedWith,Liên quan
occur as a result of,Etiology_AssociatedWith,Liên quan
occur in,Etiology_AssociatedWith,Liên quan
occur in approximately,Etiology_AssociatedWith,Liên quan
occur on,Etiology_AssociatedWith,Liên quan
occur over,Etiology_AssociatedWith,Liên quan
occur when there is,Etiology_AssociatedWith,Liên quan
occur within,Anatomy_SpatialRelation,Vị trí tương đối
occurred in,Etiology_AssociatedWith,Liên quan
occurs,Etiology_AssociatedWith,Liên quan
occurs after,Etiology_AssociatedWith,Liên quan
occurs along the,Etiology_AssociatedWith,Liên quan
occurs as a result of mutations in,Genetics_Mutation,Đột biến
occurs at,Etiology_AssociatedWith,Liên quan
occurs at higher rates in,Epidemiology_PrevalenceIncidence,Tần suất mắc
occurs before,Etiology_AssociatedWith,Liên quan
occurs between,Anatomy_SpatialRelation,Vị trí tương đối
occurs between the ages of,Anatomy_SpatialRelation,Vị trí tương đối
occurs by way of,Etiology_AssociatedWith,Liên quan
occurs due to,Etiology_CausedBy,Do nguyên nhân
occurs during,Etiology_AssociatedWith,Liên quan
occurs equally among,Etiology_AssociatedWith,Liên quan
occurs equally in,Etiology_AssociatedWith,Liên quan
occurs following,Etiology_AssociatedWith,Liên quan
occurs from,Etiology_AssociatedWith,Liên quan
occurs in,Etiology_AssociatedWith,Liên quan
occurs in individuals aged,Etiology_AssociatedWith,Liên quan
occurs in individuals with,Etiology_AssociatedWith,Liên quan
occurs in patients with,Epidemiology_Demographics,Hay gặp ở nhóm
occurs less frequently in,Etiology_AssociatedWith,Liên quan
occurs more frequently in,Etiology_AssociatedWith,Liên quan
occurs more frequently than,Etiology_AssociatedWith,Liên quan
occurs particularly with,Etiology_AssociatedWith,Liên quan
occurs prior to,Etiology_AssociatedWith,Liên quan
occurs sporadically without,Etiology_AssociatedWith,Liên quan
occurs through,Etiology_AssociatedWith,Liên quan
occurs typically in,Etiology_AssociatedWith,Liên quan
occurs typically within,Anatomy_SpatialRelation,Vị trí tương đối
occurs when,Etiology_AssociatedWith,Liên quan
occurs with,Etiology_AssociatedWith,Liên quan
occurs within,Anatomy_SpatialRelation,Vị trí tương đối
of,Etiology_AssociatedWith,Liên quan
off-label use,Etiology_AssociatedWith,Liên quan
offers,Etiology_AssociatedWith,Liên quan
offers an alternative to,Etiology_AssociatedWith,Liên quan
offers protection against,Etiology_AssociatedWith,Liên quan
often accompanied by,Etiology_AssociatedWith,Liên quan
often affects,Etiology_AssociatedWith,Liên quan
often begins in,Temporal_OnsetAge,Tuổi khởi phát
often complain of,Etiology_AssociatedWith,Liên quan
often display,Etiology_AssociatedWith,Liên quan
often ensues from,Etiology_AssociatedWith,Liên quan
often experience,Etiology_AssociatedWith,Liên quan
often experiences,Etiology_AssociatedWith,Liên quan
often include,Etiology_AssociatedWith,Liên quan
often involve,Etiology_AssociatedWith,Liên quan
often involves,Etiology_AssociatedWith,Liên quan
often necessitates,Etiology_AssociatedWith,Liên quan
often precedes,Etiology_AssociatedWith,Liên quan
often present between,Clinical_ManifestationPresentation,Biểu hiện
often present with,Clinical_ManifestationPresentation,Biểu hiện
often presents as,Clinical_ManifestationPresentation,Biểu hiện
often presents with,Clinical_ManifestationPresentation,Biểu hiện
often prompts,Etiology_AssociatedWith,Liên quan
often remain,Etiology_AssociatedWith,Liên quan
often require,Etiology_AssociatedWith,Liên quan
on,Etiology_AssociatedWith,Liên quan
onset of symptoms in,Clinical_ManifestationPresentation,Biểu hiện
optimizes,Etiology_AssociatedWith,Liên quan
originate from,Etiology_AssociatedWith,Liên quan
originate in,Etiology_AssociatedWith,Liên quan
originates from,Etiology_AssociatedWith,Liên quan
originates in,Etiology_AssociatedWith,Liên quan
originates predominantly in,Epidemiology_Demographics,Hay gặp ở nhóm
overcomes,Etiology_AssociatedWith,Liên quan
overlaps with,Etiology_AssociatedWith,Liên quan
parent-child,Etiology_AssociatedWith,Liên quan
partially reverses,Etiology_AssociatedWith,Liên quan
participate in,Etiology_AssociatedWith,Liên quan
participates in,Etiology_AssociatedWith,Liên quan
participates in the generation of,Etiology_AssociatedWith,Liên quan
particularly affects,Etiology_AssociatedWith,Liên quan
pathogenesis remains,Etiology_AssociatedWith,Liên quan
patients present with,Clinical_ManifestationPresentation,Biểu hiện
penetrates,PK_DistributionProteinBinding,Phân bố & gắn
perform,Etiology_AssociatedWith,Liên quan
persist for,Temporal_DurationResolution,Thời gian / hồi phục
persists into,Temporal_DurationResolution,Thời gian / hồi phục
persists throughout,Temporal_DurationResolution,Thời gian / hồi phục
phenotype present,Clinical_ManifestationPresentation,Biểu hiện
play a key role in,Etiology_AssociatedWith,Liên quan
play a role in,Etiology_AssociatedWith,Liên quan
play roles in,Etiology_AssociatedWith,Liên quan
plays a crucial role in,Etiology_AssociatedWith,Liên quan
plays a key role in,Etiology_AssociatedWith,Liên quan
plays a role as,Etiology_AssociatedWith,Liên quan
plays a role in,Etiology_AssociatedWith,Liên quan
plays a vital role in,Etiology_AssociatedWith,Liên quan
plays an important role in,Etiology_AssociatedWith,Liên quan
plays vital roles in,Etiology_AssociatedWith,Liên quan
pose a risk of,Etiology_AssociatedWith,Liên quan
poses,Etiology_AssociatedWith,Liên quan
poses a challenge for,Etiology_AssociatedWith,Liên quan
poses environmental concerns due to,Safety_WarningCaution,Cảnh báo
poses health concerns due to,Safety_WarningCaution,Cảnh báo
poses risks of,Etiology_AssociatedWith,Liên quan
possesses,Etiology_AssociatedWith,Liên quan
potentiates the activity of,MoA_ModulationOther,Điều hòa khác
potentiates the effect of,MoA_ModulationOther,Điều hòa khác
ppi,Etiology_AssociatedWith,Liên quan
precipitate,Etiology_AssociatedWith,Liên quan
precludes reduction with,Etiology_AssociatedWith,Liên quan
preconditions,Etiology_AssociatedWith,Liên quan
predisposes individuals to,Etiology_AssociatedWith,Liên quan
predominantly affect,Epidemiology_Demographics,Hay gặp ở nhóm
predominantly relaxes,Epidemiology_Demographics,Hay gặp ở nhóm
prepares,Etiology_AssociatedWith,Liên quan
present at birth with,Clinical_ManifestationPresentation,Biểu hiện
present symptoms such as,Clinical_ManifestationPresentation,Biểu hiện
present with,Clinical_ManifestationPresentation,Biểu hiện
present with symptoms including,Clinical_ManifestationPresentation,Biểu hiện
present with symptoms of,Clinical_ManifestationPresentation,Biểu hiện
present with symptoms such as,Clinical_ManifestationPresentation,Biểu hiện
presents,Clinical_ManifestationPresentation,Biểu hiện
presents a challenge for,Clinical_ManifestationPresentation,Biểu hiện
presents a distinct clinical profile,Clinical_ManifestationPresentation,Biểu hiện
presents along a clinical continuum with,Clinical_ManifestationPresentation,Biểu hiện
presents as,Clinical_ManifestationPresentation,Biểu hiện
presents at,Clinical_ManifestationPresentation,Biểu hiện
presents at birth as,Clinical_ManifestationPresentation,Biểu hiện
presents at birth with,Clinical_ManifestationPresentation,Biểu hiện
presents between,Clinical_ManifestationPresentation,Biểu hiện
presents binding to,Clinical_ManifestationPresentation,Biểu hiện
presents category of,Clinical_ManifestationPresentation,Biểu hiện
presents clinically with,Clinical_ManifestationPresentation,Biểu hiện
presents early in life with,Clinical_ManifestationPresentation,Biểu hiện
presents from,Clinical_ManifestationPresentation,Biểu hiện
presents in,Clinical_ManifestationPresentation,Biểu hiện
presents in forms of,Clinical_ManifestationPresentation,Biểu hiện
presents later with,Clinical_ManifestationPresentation,Biểu hiện
presents oxidative modification of,Clinical_ManifestationPresentation,Biểu hiện
presents similarly to,Clinical_ManifestationPresentation,Biểu hiện
presents structural similarities to,Clinical_ManifestationPresentation,Biểu hiện
presents symptoms during,Clinical_ManifestationPresentation,Biểu hiện
presents symptoms including,Clinical_ManifestationPresentation,Biểu hiện
presents symptoms of,Clinical_ManifestationPresentation,Biểu hiện
presents symptoms similar to,Clinical_ManifestationPresentation,Biểu hiện
presents symptoms such as,Clinical_ManifestationPresentation,Biểu hiện
presents typically between ages,Clinical_ManifestationPresentation,Biểu hiện
presents with,Clinical_ManifestationPresentation,Biểu hiện
presents with age at onset varying from,Clinical_ManifestationPresentation,Biểu hiện
presents with age at onset varying to,Clinical_ManifestationPresentation,Biểu hiện
presents with early signs of,Clinical_ManifestationPresentation,Biểu hiện
presents with features in,Clinical_ManifestationPresentation,Biểu hiện
presents with signs of,Clinical_ManifestationPresentation,Biểu hiện
presents with symptoms including,Clinical_ManifestationPresentation,Biểu hiện
presents with symptoms of,Clinical_ManifestationPresentation,Biểu hiện
presents with symptoms such as,Clinical_ManifestationPresentation,Biểu hiện
presents within,Clinical_ManifestationPresentation,Biểu hiện
presents without,Clinical_ManifestationPresentation,Biểu hiện
preserves,Etiology_AssociatedWith,Liên quan
prevalence rates vary depending on,Epidemiology_PrevalenceIncidence,Tần suất mắc
prevention of,Prevention_Prophylaxis,Phòng ngừa
prevents,Prevention_Prophylaxis,Phòng ngừa
prevents activation of,Prevention_Prophylaxis,Phòng ngừa
prevents binding of,Prevention_Prophylaxis,Phòng ngừa
prevents cleavage of,Prevention_Prophylaxis,Phòng ngừa
prevents contraction of,Prevention_Prophylaxis,Phòng ngừa
prevents incorporation into,Prevention_Prophylaxis,Phòng ngừa
prevents misfolding of,Prevention_Prophylaxis,Phòng ngừa
prevents re uptake of,Prevention_Prophylaxis,Phòng ngừa
prevents resorption by,Prevention_Prophylaxis,Phòng ngừa
prevents the addition of,Prevention_Prophylaxis,Phòng ngừa
prevents the breakdown of,Prevention_Prophylaxis,Phòng ngừa
prevents the carboxylation of,Prevention_Prophylaxis,Phòng ngừa
prevents the conversion of,Prevention_Prophylaxis,Phòng ngừa
prevents the formation of,Prevention_Prophylaxis,Phòng ngừa
prevents the synthesis of,Prevention_Prophylaxis,Phòng ngừa
prevents transcription of,Prevention_Prophylaxis,Phòng ngừa
primarily acts in,Etiology_AssociatedWith,Liên quan
primarily affect,Etiology_AssociatedWith,Liên quan
primarily affects,Epidemiology_Demographics,Hay gặp ở nhóm
primarily binds to,MoA_BindingAffinity,Gắn kết
primarily located in,Anatomy_LocatedIn,Nằm ở
primarily observed in,Etiology_AssociatedWith,Liên quan
produced by,Taxonomy_ProductOf,Tạo ra bởi
produced from,Etiology_AssociatedWith,Liên quan
produced in,Etiology_AssociatedWith,Liên quan
produced through,Etiology_AssociatedWith,Liên quan
produces,Etiology_AssociatedWith,Liên quan
produces a suppressive action of,Etiology_AssociatedWith,Liên quan
produces approximately,Etiology_AssociatedWith,Liên quan
produces effects in,Etiology_AssociatedWith,Liên quan
produces relaxation by affecting,Etiology_AssociatedWith,Liên quan
produces retention of,Etiology_AssociatedWith,Liên quan
progresses,Temporal_Progression,Tiến triển
progresses slowly over,Temporal_Progression,Tiến triển
progresses to,Temporal_Progression,Tiến triển
progresses to affect,Temporal_Progression,Tiến triển
progresses to involve,Temporal_Progression,Tiến triển
project to,Etiology_AssociatedWith,Liên quan
prolongs,Etiology_AssociatedWith,Liên quan
prolongs conduction in,Etiology_AssociatedWith,Liên quan
prolongs the duration of action of,Temporal_DurationResolution,Thời gian / hồi phục
promote,MoA_ModulationOther,Điều hòa khác
promotes,MoA_ModulationOther,Điều hòa khác
promotes and supports,MoA_ModulationOther,Điều hòa khác
promotes elimination by,PK_ExcretionClearance,Thải trừ
promotes formation of,MoA_ModulationOther,Điều hòa khác
promotes growth and multiplication of,MoA_ModulationOther,Điều hòa khác
promotes the activation of,MoA_ModulationOther,Điều hòa khác
promotes the release of,MoA_ModulationOther,Điều hòa khác
promotes the synthesis of,MoA_ModulationOther,Điều hòa khác
protects,Etiology_AssociatedWith,Liên quan
protects against,Etiology_AssociatedWith,Liên quan
protects cells against,Etiology_AssociatedWith,Liên quan
protects cells from,Etiology_AssociatedWith,Liên quan
protects the body from,Etiology_AssociatedWith,Liên quan
protects the eye from,Etiology_AssociatedWith,Liên quan
provides,Etiology_AssociatedWith,Liên quan
provides a source of,Etiology_AssociatedWith,Liên quan
provides a steady supply of,Etiology_AssociatedWith,Liên quan
provides definition for,Etiology_AssociatedWith,Liên quan
provides description for,Etiology_AssociatedWith,Liên quan
provides information on,Etiology_AssociatedWith,Liên quan
provides instructions for making,Etiology_AssociatedWith,Liên quan
provides relief for,Etiology_AssociatedWith,Liên quan
provides relief from,Etiology_AssociatedWith,Liên quan
provides relief of,Etiology_AssociatedWith,Liên quan
published,Etiology_AssociatedWith,Liên quan
raises concerns about,Safety_WarningCaution,Cảnh báo
range from,Etiology_AssociatedWith,Liên quan
ranges from,Etiology_AssociatedWith,Liên quan
reabsorbs,Etiology_AssociatedWith,Liên quan
reach,Etiology_AssociatedWith,Liên quan
reacts with,Etiology_AssociatedWith,Liên quan
received,Etiology_AssociatedWith,Liên quan
received approval in,Etiology_AssociatedWith,Liên quan
recommend,Etiology_AssociatedWith,Liên quan
recommended by,Etiology_AssociatedWith,Liên quan
recommends,Etiology_AssociatedWith,Liên quan
recommends using,Etiology_AssociatedWith,Liên quan
redistributes lead from,Etiology_AssociatedWith,Liên quan
reduce,MoA_ModulationOther,Điều hòa khác
reduces,MoA_ModulationOther,Điều hòa khác
reduces blurring on the,MoA_ModulationOther,Điều hòa khác
reduces concentrations of,MoA_ModulationOther,Điều hòa khác
reduces frequency of,MoA_ModulationOther,Điều hòa khác
reduces inflammation by inhibiting the production of,MoA_ModulationOther,Điều hòa khác
reduces lesion area in,MoA_ModulationOther,Điều hòa khác
reduces levels of,MoA_ModulationOther,Điều hòa khác
reduces release of,MoA_ModulationOther,Điều hòa khác
reduces risk for,MoA_ModulationOther,Điều hòa khác
reduces risk of,MoA_ModulationOther,Điều hòa khác
reduces secretion of,MoA_ModulationOther,Điều hòa khác
reduces secretion of gastric acid in,MoA_ModulationOther,Điều hòa khác
reduces symptoms of,Clinical_SymptomSign,Triệu chứng
reduces the amount of,MoA_ModulationOther,Điều hòa khác
reduces the conversion of,MoA_ModulationOther,Điều hòa khác
reduces the formation of,MoA_ModulationOther,Điều hòa khác
reduces the growth of,MoA_ModulationOther,Điều hòa khác
reduces the level of,MoA_ModulationOther,Điều hòa khác
reduces the production activity of,MoA_ModulationOther,Điều hòa khác
reduces the production of,MoA_ModulationOther,Điều hòa khác
reduces the risk of,Prevention_Prophylaxis,Phòng ngừa
reduces the risk of complications such as,Prevention_Prophylaxis,Phòng ngừa
reduces the synthesis of,MoA_ModulationOther,Điều hòa khác
reduces transcription of,MoA_ModulationOther,Điều hòa khác
reduction leads to,Etiology_AssociatedWith,Liên quan
referred to as,Alias_Name,Tên khác
refers to,Alias_Name,Tên khác
reflect,Etiology_AssociatedWith,Liên quan
regenerates,Etiology_AssociatedWith,Liên quan
regresses,Temporal_DurationResolution,Thời gian / hồi phục
regulate,Etiology_AssociatedWith,Liên quan
regulates,Etiology_AssociatedWith,Liên quan
related to,Etiology_AssociatedWith,Liên quan
relaxes,Etiology_AssociatedWith,Liên quan
release,Etiology_AssociatedWith,Liên quan
releases,Etiology_AssociatedWith,Liên quan
relies on,Etiology_AssociatedWith,Liên quan
relieves,Etiology_AssociatedWith,Liên quan
relieves symptoms of,Clinical_SymptomSign,Triệu chứng
relieves symptoms such as,Clinical_SymptomSign,Triệu chứng
rely on,Etiology_AssociatedWith,Liên quan
remains,Etiology_AssociatedWith,Liên quan
remains a challenge for,Etiology_AssociatedWith,Liên quan
remains a tool for,Etiology_AssociatedWith,Liên quan
remains a topic of debate due to,Etiology_CausedBy,Do nguyên nhân
remains an important consideration for,Etiology_AssociatedWith,Liên quan
remains an important part of,Taxonomy_PartOf,Thành phần của
remains effective against,Etiology_AssociatedWith,Liên quan
remains poorly understood since,Etiology_AssociatedWith,Liên quan
remains stable throughout,Etiology_AssociatedWith,Liên quan
removed from,Regulatory_Status,Trạng thái phê duyệt
removes,Etiology_AssociatedWith,Liên quan
replaces,Etiology_AssociatedWith,Liên quan
replenishes,Etiology_AssociatedWith,Liên quan
replicates,Etiology_AssociatedWith,Liên quan
reported in,Epidemiology_PrevalenceIncidence,Tần suất mắc
represent,Etiology_AssociatedWith,Liên quan
represents,Alias_Name,Tên khác
represents a variant of,Alias_Name,Tên khác
represents approximately,Alias_Name,Tên khác
represents the class of,Alias_Name,Tên khác
require,Etiology_AssociatedWith,Liên quan
require care from,Etiology_AssociatedWith,Liên quan
require monitoring for,Treatment_ManagementCare,Theo dõi / chăm sóc
requires,Etiology_AssociatedWith,Liên quan
requires a multidisciplinary team including,Treatment_ManagementCare,Theo dõi / chăm sóc
requires accurate diagnosis and prompt treatment to minimize,Treatment_IndicationUse,Điều trị / chỉ định
requires activation by,Etiology_AssociatedWith,Liên quan
requires attention from,Etiology_AssociatedWith,Liên quan
requires care from,Treatment_ManagementCare,Theo dõi / chăm sóc
requires co administration with,DrugInteraction,Tương tác thuốc
requires collaboration among,Etiology_AssociatedWith,Liên quan
requires collaboration with,Etiology_AssociatedWith,Liên quan
requires dosing,Treatment_DoseRegimen,Liều dùng
requires early detection of,Etiology_AssociatedWith,Liên quan
requires follow up by,Treatment_ManagementCare,Theo dõi / chăm sóc
requires follow up care for,Treatment_ManagementCare,Theo dõi / chăm sóc
requires further research for,Etiology_AssociatedWith,Liên quan
requires further research to,Etiology_AssociatedWith,Liên quan
requires further research to evaluate,Etiology_AssociatedWith,Liên quan
requires further research to understand,Etiology_AssociatedWith,Liên quan
requires hospitalization in,Etiology_AssociatedWith,Liên quan
requires investigation for,Etiology_AssociatedWith,Liên quan
requires management focused on,Treatment_ManagementCare,Theo dõi / chăm sóc
requires management for,Treatment_ManagementCare,Theo dõi / chăm sóc
requires management involving,Treatment_ManagementCare,Theo dõi / chăm sóc
requires management of,Treatment_ManagementCare,Theo dõi / chăm sóc
requires management options such as,Treatment_ManagementCare,Theo dõi / chăm sóc
requires management strategies including,Treatment_ManagementCare,Theo dõi / chăm sóc
requires monitoring and follow up with,Treatment_ManagementCare,Theo dõi / chăm sóc
requires monitoring by,Treatment_ManagementCare,Theo dõi / chăm sóc
requires monitoring for,Treatment_ManagementCare,Theo dõi / chăm sóc
requires monitoring of,Treatment_ManagementCare,Theo dõi / chăm sóc
requires prevention through,Prevention_Prophylaxis,Phòng ngừa
requires regular follow up with,Treatment_ManagementCare,Theo dõi / chăm sóc
requires treatment for,Treatment_IndicationUse,Điều trị / chỉ định
requires yearly evaluation of,Etiology_AssociatedWith,Liên quan
resembles,Etiology_AssociatedWith,Liên quan
resembles actions of,Etiology_AssociatedWith,Liên quan
resolve,Etiology_AssociatedWith,Liên quan
resolves,Temporal_DurationResolution,Thời gian / hồi phục
resolves within,Anatomy_SpatialRelation,Vị trí tương đối
responds well to,Etiology_AssociatedWith,Liên quan
responsible for,Etiology_AssociatedWith,Liên quan
restore,Etiology_AssociatedWith,Liên quan
restores,Etiology_AssociatedWith,Liên quan
restricts,Etiology_AssociatedWith,Liên quan
restricts accumulation of,Etiology_AssociatedWith,Liên quan
restricts outflow from,Etiology_AssociatedWith,Liên quan
result from,Etiology_CausedBy,Do nguyên nhân
result in,Etiology_AssociatedWith,Liên quan
result in the release of,Etiology_AssociatedWith,Liên quan
resulted in,Etiology_AssociatedWith,Liên quan
resulted in a decrease of,MoA_ModulationOther,Điều hòa khác
resulting from,Etiology_CausedBy,Do nguyên nhân
results from,Etiology_CausedBy,Do nguyên nhân
results from a mutation in,Genetics_Mutation,Đột biến
results from mutations in,Genetics_Mutation,Đột biến
results in,Etiology_AssociatedWith,Liên quan
results in a decrease in,MoA_ModulationOther,Điều hòa khác
results in a deficiency of,Diagnosis_LabFinding,Xét nghiệm
results in a reduction of,Etiology_AssociatedWith,Liên quan
results in active metabolites,Etiology_AssociatedWith,Liên quan
results in an increase in,MoA_ModulationOther,Điều hòa khác
results in an increase of,MoA_ModulationOther,Điều hòa khác
results in changes such as,Etiology_AssociatedWith,Liên quan
results in decreased,Etiology_AssociatedWith,Liên quan
results in decreased levels of,Etiology_AssociatedWith,Liên quan
results in depletion of,Etiology_AssociatedWith,Liên quan
results in formation of,Etiology_AssociatedWith,Liên quan
results in increased,Etiology_AssociatedWith,Liên quan
results in increased excretion of,PK_ExcretionClearance,Thải trừ
results in reduced production of,Etiology_AssociatedWith,Liên quan
results in symptoms such as,Clinical_SymptomSign,Triệu chứng
retains,Etiology_AssociatedWith,Liên quan
returns to,Etiology_AssociatedWith,Liên quan
reveal,Etiology_AssociatedWith,Liên quan
reveals,Etiology_AssociatedWith,Liên quan
reveals findings of,Etiology_AssociatedWith,Liên quan
reveals mutations in,Genetics_Mutation,Đột biến
rich in,Etiology_AssociatedWith,Liên quan
risks include,Etiology_AssociatedWith,Liên quan
runs from,Etiology_AssociatedWith,Liên quan
scavenges,Etiology_AssociatedWith,Liên quan
scores typically range from,Etiology_AssociatedWith,Liên quan
secreted by,Etiology_AssociatedWith,Liên quan
secretes,Etiology_AssociatedWith,Liên quan
seldom affects,Etiology_AssociatedWith,Liên quan
selectively binds to,MoA_BindingAffinity,Gắn kết
sensitizes,Etiology_AssociatedWith,Liên quan
serves as,Etiology_AssociatedWith,Liên quan
serves as a buffer for,Etiology_AssociatedWith,Liên quan
serves as a cofactor for,Etiology_AssociatedWith,Liên quan
serves as a precursor in,Etiology_AssociatedWith,Liên quan
serves as a precursor in the synthesis of,Etiology_AssociatedWith,Liên quan
serves as a precursor to,Etiology_AssociatedWith,Liên quan
serves as an intermediate in,Etiology_AssociatedWith,Liên quan
shared,Etiology_AssociatedWith,Liên quan
shares features with,Etiology_AssociatedWith,Liên quan
shares similarities with,Etiology_AssociatedWith,Liên quan
shortens,Etiology_AssociatedWith,Liên quan
should avoid,Safety_ContraindicationAvoid,Chống chỉ định
should be,Etiology_AssociatedWith,Liên quan
should be avoided due to,Etiology_CausedBy,Do nguyên nhân
should be avoided in,Etiology_AssociatedWith,Liên quan
should be avoided in patients with,Etiology_AssociatedWith,Liên quan
should be aware of,Etiology_AssociatedWith,Liên quan
should be considered in,Etiology_AssociatedWith,Liên quan
should be counselled regarding,Etiology_AssociatedWith,Liên quan
should be counselled regarding the risk of,Etiology_AssociatedWith,Liên quan
should be evaluated by,Etiology_AssociatedWith,Liên quan
should be limited to,Etiology_AssociatedWith,Liên quan
should be monitored for,Treatment_ManagementCare,Theo dõi / chăm sóc
should be monitored with,Treatment_ManagementCare,Theo dõi / chăm sóc
should be performed to evaluate,Etiology_AssociatedWith,Liên quan
should be reserved according to,Etiology_AssociatedWith,Liên quan
should be sought if,Etiology_AssociatedWith,Liên quan
should be stopped,Etiology_AssociatedWith,Liên quan
should be taken with,Etiology_AssociatedWith,Liên quan
should be treated,Treatment_IndicationUse,Điều trị / chỉ định
should be treated according to,Treatment_IndicationUse,Điều trị / chỉ định
should be used with caution during,Safety_WarningCaution,Cảnh báo
should be used with caution in,Safety_WarningCaution,Cảnh báo
should be used with caution in individuals with,Safety_WarningCaution,Cảnh báo
should be used with caution in patients with,Safety_WarningCaution,Cảnh báo
should carry,Etiology_AssociatedWith,Liên quan
should consider,Etiology_AssociatedWith,Liên quan
should consult,Treatment_ManagementCare,Theo dõi / chăm sóc
should consult with,Treatment_ManagementCare,Theo dõi / chăm sóc
should diagnose and manage,Treatment_ManagementCare,Theo dõi / chăm sóc
should discuss,Etiology_AssociatedWith,Liên quan
should include,Etiology_AssociatedWith,Liên quan
should monitor,Treatment_ManagementCare,Theo dõi / chăm sóc
should not be mixed with,Etiology_AssociatedWith,Liên quan
should not be used in,Safety_ContraindicationAvoid,Chống chỉ định
should not be used in patients with,Safety_ContraindicationAvoid,Chống chỉ định
should not take,Etiology_AssociatedWith,Liên quan
should not use,Etiology_AssociatedWith,Liên quan
should only be used in cases of,Epidemiology_PrevalenceIncidence,Tần suất mắc
should practice,Etiology_AssociatedWith,Liên quan
should prompt,Etiology_AssociatedWith,Liên quan
should receive evaluation by,Etiology_AssociatedWith,Liên quan
should rule out,Etiology_AssociatedWith,Liên quan
should seek,Etiology_AssociatedWith,Liên quan
should seek medical attention if,Etiology_AssociatedWith,Liên quan
should seek medical attention if they develop,Etiology_AssociatedWith,Liên quan
should undergo,Etiology_AssociatedWith,Liên quan
should use,Etiology_AssociatedWith,Liên quan
should wear,Etiology_AssociatedWith,Liên quan
should work closely with,Etiology_AssociatedWith,Liên quan
show,Etiology_AssociatedWith,Liên quan
showed synergistic effects when combined with,DrugInteraction,Tương tác thuốc
shown promise in,Etiology_AssociatedWith,Liên quan
shown to reduce,MoA_ModulationOther,Điều hòa khác
shows,Etiology_AssociatedWith,Liên quan
shows cytotoxic activity against,Etiology_AssociatedWith,Liên quan
shows findings of,Etiology_AssociatedWith,Liên quan
shows improvement in,Etiology_AssociatedWith,Liên quan
shows overlap with,Etiology_AssociatedWith,Liên quan
shows potential as,Etiology_AssociatedWith,Liên quan
shows promise for,Etiology_AssociatedWith,Liên quan
shows promise in,Etiology_AssociatedWith,Liên quan
shows promise in treating,Etiology_AssociatedWith,Liên quan
shows similar activity to,Etiology_AssociatedWith,Liên quan
shows strong,Etiology_AssociatedWith,Liên quan
shows symptoms of,Clinical_SymptomSign,Triệu chứng
shuttles,Etiology_AssociatedWith,Liên quan
side effect,Safety_AdverseEffect,Tác dụng phụ
similar to,Etiology_AssociatedWith,Liên quan
situated in,Anatomy_LocatedIn,Nằm ở
slows,Etiology_AssociatedWith,Liên quan
slows down,Etiology_AssociatedWith,Liên quan
slows growth of,Etiology_AssociatedWith,Liên quan
slows the release of,Etiology_AssociatedWith,Liên quan
spares,Etiology_AssociatedWith,Liên quan
sparing,Etiology_AssociatedWith,Liên quan
speak in,Etiology_AssociatedWith,Liên quan
specifically inhibits,MoA_InhibitionBlockade,Ức chế
specifically involves,Etiology_AssociatedWith,Liên quan
specifically targets,Etiology_AssociatedWith,Liên quan
spreads to,Temporal_Progression,Tiến triển
stabilizes,Etiology_AssociatedWith,Liên quan
stain positively for,Diagnosis_ImagingFinding,Hình ảnh
starts before,Temporal_OnsetAge,Tuổi khởi phát
starts in,Temporal_OnsetAge,Tuổi khởi phát
stimulates,MoA_ActivationInduction,Kích hoạt
stimulates release of,MoA_ActivationInduction,Kích hoạt
stimulates the production of,MoA_ActivationInduction,Kích hoạt
stimulates the release of,MoA_ActivationInduction,Kích hoạt
struggle to form,Etiology_AssociatedWith,Liên quan
studied for,Etiology_AssociatedWith,Liên quan
substitutes,Etiology_AssociatedWith,Liên quan
such as,Etiology_AssociatedWith,Liên quan
suggest,Etiology_AssociatedWith,Liên quan
suggest that,Etiology_AssociatedWith,Liên quan
suggests,Etiology_AssociatedWith,Liên quan
suggests a link between,Anatomy_SpatialRelation,Vị trí tương đối
suggests that,Etiology_AssociatedWith,Liên quan
supplies,Etiology_AssociatedWith,Liên quan
supports,Etiology_AssociatedWith,Liên quan
supports normal growth and development during,Etiology_AssociatedWith,Liên quan
supports proliferation of,Etiology_AssociatedWith,Liên quan
suppress,Etiology_AssociatedWith,Liên quan
suppresses,MoA_InhibitionBlockade,Ức chế
suppresses expression of,MoA_InhibitionBlockade,Ức chế
suppresses release of,MoA_InhibitionBlockade,Ức chế
suppresses the actions of,MoA_InhibitionBlockade,Ức chế
suppresses the production of,MoA_InhibitionBlockade,Ức chế
suppresses the release of,MoA_InhibitionBlockade,Ức chế
suppresses viral replication by inhibiting,MoA_InhibitionBlockade,Ức chế
synergistic interaction,DrugInteraction,Tương tác thuốc
synthesize,Etiology_AssociatedWith,Liên quan
synthesized by,Taxonomy_ProductOf,Tạo ra bởi
takes,Etiology_AssociatedWith,Liên quan
takes part in,Etiology_AssociatedWith,Liên quan
target,Etiology_AssociatedWith,Liên quan
targets,Etiology_AssociatedWith,Liên quan
targets and destroys,Etiology_AssociatedWith,Liên quan
targets proteins including,Etiology_AssociatedWith,Liên quan
tend to be,Etiology_AssociatedWith,Liên quan
tend to be complicated by,Clinical_Complication,Biến chứng
tend to subside when in,Etiology_AssociatedWith,Liên quan
tends to be,Etiology_AssociatedWith,Liên quan
tends to be more challenging to control than,Etiology_AssociatedWith,Liên quan
tends to persist throughout,Temporal_DurationResolution,Thời gian / hồi phục
terminates,Etiology_AssociatedWith,Liên quan
thickens,Etiology_AssociatedWith,Liên quan
thought to have,Etiology_AssociatedWith,Liên quan
through,Etiology_AssociatedWith,Liên quan
transformed to,Etiology_AssociatedWith,Liên quan
transforms to,Etiology_AssociatedWith,Liên quan
translates into,Etiology_AssociatedWith,Liên quan
translocates to,Etiology_AssociatedWith,Liên quan
transporter,Etiology_AssociatedWith,Liên quan
traps,Etiology_AssociatedWith,Liên quan
treat,Treatment_IndicationUse,Điều trị / chỉ định
treated with,Treatment_IndicationUse,Điều trị / chỉ định
treatment includes,Treatment_IndicationUse,Điều trị / chỉ định
treatment involves,Treatment_IndicationUse,Điều trị / chỉ định
treatment is,Treatment_IndicationUse,Điều trị / chỉ định
treatment may include,Treatment_IndicationUse,Điều trị / chỉ định
treats,Treatment_IndicationUse,Điều trị / chỉ định
treats infections caused by,Treatment_IndicationUse,Điều trị / chỉ định
triggered by,Etiology_TriggerExacerbating,Kích hoạt / làm nặng
triggers,Etiology_AssociatedWith,Liên quan
triggers episodes of,Etiology_AssociatedWith,Liên quan
triggers include,Etiology_AssociatedWith,Liên quan
types include,Etiology_AssociatedWith,Liên quan
typically accompanied by,Etiology_AssociatedWith,Liên quan
typically affects,Etiology_AssociatedWith,Liên quan
typically appears on,Clinical_ManifestationPresentation,Biểu hiện
typically arise in,Etiology_AssociatedWith,Liên quan
typically arises from,Etiology_CausedBy,Do nguyên nhân
typically begins as,Temporal_OnsetAge,Tuổi khởi phát
typically begins in,Temporal_OnsetAge,Tuổi khởi phát
typically begins with,Temporal_OnsetAge,Tuổi khởi phát
typically develops during,Etiology_AssociatedWith,Liên quan
typically does not affect,Etiology_AssociatedWith,Liên quan
typically emerges between,Anatomy_SpatialRelation,Vị trí tương đối
typically exhibit,Etiology_AssociatedWith,Liên quan
typically has normal levels of,Etiology_AssociatedWith,Liên quan
typically have,Etiology_AssociatedWith,Liên quan
typically includes,Taxonomy_PartOf,Thành phần của
typically involves,Etiology_AssociatedWith,Liên quan
typically manifest as,Clinical_ManifestationPresentation,Biểu hiện
typically manifests around,Clinical_ManifestationPresentation,Biểu hiện
typically manifests in,Clinical_ManifestationPresentation,Biểu hiện
typically occurs at,Etiology_AssociatedWith,Liên quan
typically occurs during,Etiology_AssociatedWith,Liên quan
typically occurs in,Etiology_AssociatedWith,Liên quan
typically present as,Clinical_ManifestationPresentation,Biểu hiện
typically present with,Clinical_ManifestationPresentation,Biểu hiện
typically present with symptoms during,Clinical_ManifestationPresentation,Biểu hiện
typically presents after,Clinical_ManifestationPresentation,Biểu hiện
typically presents as,Clinical_ManifestationPresentation,Biểu hiện
typically presents at,Clinical_ManifestationPresentation,Biểu hiện
typically presents between,Clinical_ManifestationPresentation,Biểu hiện
typically presents during,Clinical_ManifestationPresentation,Biểu hiện
typically presents in,Clinical_ManifestationPresentation,Biểu hiện
typically presents with,Clinical_ManifestationPresentation,Biểu hiện
typically reach a height of,Etiology_AssociatedWith,Liên quan
undergoes,Etiology_AssociatedWith,Liên quan
undergoes active transport into,Etiology_AssociatedWith,Liên quan
undergoes decomposition by,Etiology_AssociatedWith,Liên quan
undergoes discoloration when exposed to,Etiology_AssociatedWith,Liên quan
undergoes excretion in,PK_ExcretionClearance,Thải trừ
underscores the importance of,Etiology_AssociatedWith,Liên quan
upregulates,Anatomy_ExpressedIn,Biểu hiện ở
used after,Etiology_AssociatedWith,Liên quan
used as,Etiology_AssociatedWith,Liên quan
used for,Treatment_IndicationUse,Điều trị / chỉ định
used for the treatment of,Treatment_IndicationUse,Điều trị / chỉ định
used in,Etiology_AssociatedWith,Liên quan
used in combination with,DrugInteraction,Tương tác thuốc
used in the treatment of,Treatment_IndicationUse,Điều trị / chỉ định
used to block,Treatment_IndicationUse,Điều trị / chỉ định
used to maintain,Treatment_IndicationUse,Điều trị / chỉ định
used to manage,Treatment_IndicationUse,Điều trị / chỉ định
used to prevent and treat,Treatment_IndicationUse,Điều trị / chỉ định
used to treat,Treatment_IndicationUse,Điều trị / chỉ định
used with,Etiology_AssociatedWith,Liên quan
uses,Etiology_AssociatedWith,Liên quan
uses agents like,Etiology_AssociatedWith,Liên quan
uses agents other than,Etiology_AssociatedWith,Liên quan
usually spares,Etiology_AssociatedWith,Liên quan
utilize,Etiology_AssociatedWith,Liên quan
values are,Etiology_AssociatedWith,Liên quan
varies depending on,Etiology_AssociatedWith,Liên quan
varies from,Etiology_AssociatedWith,Liên quan
varies widely among,Etiology_AssociatedWith,Liên quan
varies widely in,Etiology_AssociatedWith,Liên quan
vary in,Etiology_AssociatedWith,Liên quan
vasodilates,Etiology_AssociatedWith,Liên quan
visualize,Etiology_AssociatedWith,Liên quan
visualizes,Etiology_AssociatedWith,Liên quan
warrants,Etiology_AssociatedWith,Liên quan
warrants attention from,Safety_WarningCaution,Cảnh báo
was acquired by,Etiology_AssociatedWith,Liên quan
was approved again in,Regulatory_Status,Trạng thái phê duyệt
was approved as,Regulatory_Status,Trạng thái phê duyệt
was approved by,Regulatory_Status,Trạng thái phê duyệt
was approved for,Regulatory_Status,Trạng thái phê duyệt
was approved for human use in,Regulatory_Status,Trạng thái phê duyệt
was approved for marketing in,Regulatory_Status,Trạng thái phê duyệt
was approved for prescription use in,Regulatory_Status,Trạng thái phê duyệt
was approved for the treatment of,Regulatory_Status,Trạng thái phê duyệt
was approved for use in,Regulatory_Status,Trạng thái phê duyệt
was approved in,Regulatory_Status,Trạng thái phê duyệt
was approved on,Regulatory_Status,Trạng thái phê duyệt
was associated with an improvement in,Etiology_AssociatedWith,Liên quan
was born to,Etiology_AssociatedWith,Liên quan
was co developed by,Etiology_AssociatedWith,Liên quan
was commonly used as,Etiology_AssociatedWith,Liên quan
was derived in,Etiology_AssociatedWith,Liên quan
was described at the end of,Etiology_AssociatedWith,Liên quan
was described by,Etiology_AssociatedWith,Liên quan
was described in,Etiology_AssociatedWith,Liên quan
was developed at,Etiology_AssociatedWith,Liên quan
was developed based on,Etiology_AssociatedWith,Liên quan
was developed by,Etiology_AssociatedWith,Liên quan
was developed during,Etiology_AssociatedWith,Liên quan
was developed for,Etiology_AssociatedWith,Liên quan
was developed in,Etiology_AssociatedWith,Liên quan
was discontinued in favor of,Etiology_AssociatedWith,Liên quan
was discovered at,Etiology_AssociatedWith,Liên quan
was discovered in,Etiology_AssociatedWith,Liên quan
was first approved by,Regulatory_Status,Trạng thái phê duyệt
was first approved in,Regulatory_Status,Trạng thái phê duyệt
was first approved on,Regulatory_Status,Trạng thái phê duyệt
was first commercially available in,Etiology_AssociatedWith,Liên quan
was first derived in,Etiology_AssociatedWith,Liên quan
was first described among,Etiology_AssociatedWith,Liên quan
was first described at,Etiology_AssociatedWith,Liên quan
was first described in,Etiology_AssociatedWith,Liên quan
was first identified in,Etiology_AssociatedWith,Liên quan
was first introduced in,Etiology_AssociatedWith,Liên quan
was first introduced in the,Etiology_AssociatedWith,Liên quan
was first isolated from,Taxonomy_DerivedFrom,Nguồn gốc từ
was first isolated in,Etiology_AssociatedWith,Liên quan
was first reported in,Epidemiology_PrevalenceIncidence,Tần suất mắc
was first researched in the west in,Etiology_AssociatedWith,Liên quan
was first synthesized by,Taxonomy_ProductOf,Tạo ra bởi
was first synthesized in,Etiology_AssociatedWith,Liên quan
was formerly used for,Treatment_IndicationUse,Điều trị / chỉ định
was formulated into,Etiology_AssociatedWith,Liên quan
was given fda approval on,Regulatory_Status,Trạng thái phê duyệt
was granted,Regulatory_Status,Trạng thái phê duyệt
was initially approved for use as,Regulatory_Status,Trạng thái phê duyệt
was initially considered,Etiology_AssociatedWith,Liên quan
was initially described in,Etiology_AssociatedWith,Liên quan
was initially introduced as,Etiology_AssociatedWith,Liên quan
was intended for the treatment of,Treatment_IndicationUse,Điều trị / chỉ định
was introduced in,Etiology_AssociatedWith,Liên quan
was introduced in the year,Etiology_AssociatedWith,Liên quan
was last reported in,Epidemiology_PrevalenceIncidence,Tần suất mắc
was manufactured by,Etiology_AssociatedWith,Liên quan
was marketed for use as,Etiology_AssociatedWith,Liên quan
was marketed in,Etiology_AssociatedWith,Liên quan
was named,Etiology_AssociatedWith,Liên quan
was once a,Etiology_AssociatedWith,Liên quan
was originally described in,Etiology_AssociatedWith,Liên quan
was patented in,Etiology_AssociatedWith,Liên quan
was previously marketed by,Etiology_AssociatedWith,Liên quan
was proven to have,Etiology_AssociatedWith,Liên quan
was removed from,Regulatory_Status,Trạng thái phê duyệt
was synthesized at,Etiology_AssociatedWith,Liên quan
was synthesized by,Taxonomy_ProductOf,Tạo ra bởi
was synthesized in,Etiology_AssociatedWith,Liên quan
was taken off the market due to,Etiology_CausedBy,Do nguyên nhân
was tested in a study with,Etiology_AssociatedWith,Liên quan
was used in,Etiology_AssociatedWith,Liên quan
was used in the management of,Treatment_ManagementCare,Theo dõi / chăm sóc
was used in the treatment of,Treatment_IndicationUse,Điều trị / chỉ định
was used to treat,Treatment_IndicationUse,Điều trị / chỉ định
was withdrawn due to,Regulatory_Status,Trạng thái phê duyệt
was withdrawn from,Regulatory_Status,Trạng thái phê duyệt
was withdrawn in,Regulatory_Status,Trạng thái phê duyệt
was withdrawn on,Regulatory_Status,Trạng thái phê duyệt
weigh less than,Etiology_AssociatedWith,Liên quan
weighing at least,Etiology_AssociatedWith,Liên quan
were,Etiology_AssociatedWith,Liên quan
were identified at,Etiology_AssociatedWith,Liên quan
were observed in,Etiology_AssociatedWith,Liên quan
when to see a doctor includes,Taxonomy_PartOf,Thành phần của
will eventually conceive,Etiology_AssociatedWith,Liên quan
will monitor,Treatment_ManagementCare,Theo dõi / chăm sóc
with,Etiology_AssociatedWith,Liên quan
with a family history of,Etiology_AssociatedWith,Liên quan
withdrawn from,Regulatory_Status,Trạng thái phê duyệt
work with,Etiology_AssociatedWith,Liên quan
works against,Etiology_AssociatedWith,Liên quan
works as,Etiology_AssociatedWith,Liên quan
works by,MoA_ModulationOther,Điều hòa khác
works by antagonizing,MoA_ModulationOther,Điều hòa khác
works by attacking,MoA_ModulationOther,Điều hòa khác
works by attenuating,MoA_ModulationOther,Điều hòa khác
works by binding to,MoA_BindingAffinity,Gắn kết
works by blocking,MoA_ModulationOther,Điều hòa khác
works by competing for,MoA_ModulationOther,Điều hòa khác
works by competing with,MoA_ModulationOther,Điều hòa khác
works by concentrating in,MoA_ModulationOther,Điều hòa khác
works by converting,MoA_ModulationOther,Điều hòa khác
works by decreasing,MoA_ModulationOther,Điều hòa khác
works by disrupting,MoA_ModulationOther,Điều hòa khác
works by dissolving,MoA_ModulationOther,Điều hòa khác
works by hydrolyzing,MoA_ModulationOther,Điều hòa khác
works by increasing,MoA_ModulationOther,Điều hòa khác
works by inhibiting,MoA_ModulationOther,Điều hòa khác
works by intercalating into,MoA_ModulationOther,Điều hòa khác
works by mimicking,MoA_ModulationOther,Điều hòa khác
works by obstructing,MoA_ModulationOther,Điều hòa khác
works by potentiating,MoA_ModulationOther,Điều hòa khác
works by preventing,MoA_ModulationOther,Điều hòa khác
works by providing an increase in,MoA_ModulationOther,Điều hòa khác
works by reducing,MoA_ModulationOther,Điều hòa khác
works by relaxing,MoA_ModulationOther,Điều hòa khác
works by releasing,MoA_ModulationOther,Điều hòa khác
works by replacing,MoA_ModulationOther,Điều hòa khác
works by replenishing,MoA_ModulationOther,Điều hòa khác
works by stimulating,MoA_ModulationOther,Điều hòa khác
works by suppressing,MoA_ModulationOther,Điều hòa khác
works by transforming in the kidney by,MoA_ModulationOther,Điều hòa khác
works in,Etiology_AssociatedWith,Liên quan
works through,Etiology_AssociatedWith,Liên quan
works to increase,MoA_ModulationOther,Điều hòa khác
works to restore,Etiology_AssociatedWith,Liên quan
works via,Etiology_AssociatedWith,Liên quan
worsens with,Etiology_AssociatedWith,Liên quan
yields,Etiology_AssociatedWith,Liên quan
